set,iteration,row_id
train,1,9
train,1,11
train,1,21
train,1,23
train,1,29
train,1,30
train,1,40
train,1,61
train,1,67
train,1,75
train,1,83
train,1,84
train,1,87
train,1,90
train,1,95
train,1,99
train,1,104
train,1,106
train,1,107
train,1,113
train,1,119
train,1,122
train,1,125
train,1,126
train,1,140
train,1,141
train,1,151
train,1,152
train,1,160
train,1,164
train,1,167
train,1,168
train,1,169
train,1,170
train,1,174
train,1,175
train,1,181
train,1,190
train,1,192
train,1,198
train,1,199
train,1,201
train,1,202
train,1,206
train,1,218
train,1,219
train,1,221
train,1,228
train,1,234
train,1,239
train,1,244
train,1,247
train,1,249
train,1,251
train,1,253
train,1,267
train,1,274
train,1,293
train,1,295
train,1,296
train,1,304
train,1,305
train,1,312
train,1,315
train,1,321
train,1,327
train,1,328
train,1,333
train,1,334
train,1,335
train,1,336
train,1,352
train,1,356
train,1,360
train,1,362
train,1,364
train,1,366
train,1,369
train,1,374
train,1,377
train,1,378
train,1,379
train,1,385
train,1,388
train,1,392
train,1,395
train,1,397
train,1,399
train,1,404
train,1,407
train,1,416
train,1,421
train,1,425
train,1,427
train,1,428
train,1,430
train,1,431
train,1,436
train,1,442
train,1,449
train,1,451
train,1,453
train,1,455
train,1,461
train,1,475
train,1,476
train,1,490
train,1,493
train,1,495
train,1,499
train,1,501
train,1,506
train,1,509
train,1,510
train,1,514
train,1,515
train,1,519
train,1,520
train,1,526
train,1,532
train,1,533
train,1,537
train,1,550
train,1,556
train,1,557
train,1,558
train,1,569
train,1,573
train,1,580
train,1,586
train,1,587
train,1,610
train,1,615
train,1,623
train,1,629
train,1,632
train,1,640
train,1,649
train,1,653
train,1,654
train,1,660
train,1,664
train,1,675
train,1,680
train,1,686
train,1,689
train,1,690
train,1,691
train,1,693
train,1,695
train,1,702
train,1,718
train,1,722
train,1,729
train,1,737
train,1,748
train,1,749
train,1,753
train,1,759
train,1,773
train,1,775
train,1,788
train,1,792
train,1,793
train,1,799
train,1,800
train,1,809
train,1,818
train,1,824
train,1,825
train,1,831
train,1,838
train,1,844
train,1,855
train,1,859
train,1,869
train,1,871
train,1,14
train,1,34
train,1,35
train,1,37
train,1,38
train,1,42
train,1,50
train,1,55
train,1,85
train,1,86
train,1,91
train,1,100
train,1,105
train,1,111
train,1,120
train,1,127
train,1,130
train,1,134
train,1,135
train,1,148
train,1,158
train,1,161
train,1,184
train,1,188
train,1,214
train,1,229
train,1,230
train,1,237
train,1,238
train,1,259
train,1,261
train,1,266
train,1,278
train,1,282
train,1,285
train,1,299
train,1,306
train,1,309
train,1,317
train,1,318
train,1,324
train,1,326
train,1,337
train,1,340
train,1,341
train,1,344
train,1,351
train,1,371
train,1,372
train,1,390
train,1,393
train,1,394
train,1,405
train,1,408
train,1,418
train,1,423
train,1,438
train,1,445
train,1,469
train,1,477
train,1,480
train,1,487
train,1,489
train,1,492
train,1,507
train,1,517
train,1,524
train,1,527
train,1,536
train,1,545
train,1,554
train,1,563
train,1,565
train,1,575
train,1,578
train,1,589
train,1,598
train,1,603
train,1,607
train,1,609
train,1,620
train,1,635
train,1,637
train,1,641
train,1,647
train,1,650
train,1,652
train,1,655
train,1,656
train,1,661
train,1,667
train,1,678
train,1,687
train,1,694
train,1,696
train,1,704
train,1,706
train,1,717
train,1,726
train,1,728
train,1,734
train,1,739
train,1,746
train,1,747
train,1,769
train,1,782
train,1,783
train,1,808
train,1,810
train,1,815
train,1,828
train,1,829
train,1,835
train,1,853
train,1,854
train,1,865
train,1,1
train,1,2
train,1,6
train,1,15
train,1,17
train,1,22
train,1,26
train,1,27
train,1,32
train,1,33
train,1,36
train,1,39
train,1,43
train,1,44
train,1,47
train,1,52
train,1,59
train,1,60
train,1,65
train,1,68
train,1,71
train,1,74
train,1,82
train,1,89
train,1,94
train,1,96
train,1,114
train,1,129
train,1,132
train,1,139
train,1,144
train,1,149
train,1,150
train,1,155
train,1,156
train,1,176
train,1,179
train,1,186
train,1,187
train,1,191
train,1,193
train,1,203
train,1,210
train,1,213
train,1,220
train,1,222
train,1,223
train,1,224
train,1,225
train,1,231
train,1,232
train,1,236
train,1,241
train,1,243
train,1,255
train,1,258
train,1,260
train,1,263
train,1,273
train,1,275
train,1,276
train,1,286
train,1,287
train,1,290
train,1,292
train,1,298
train,1,301
train,1,302
train,1,303
train,1,310
train,1,313
train,1,329
train,1,330
train,1,343
train,1,346
train,1,353
train,1,357
train,1,367
train,1,384
train,1,398
train,1,400
train,1,413
train,1,419
train,1,422
train,1,424
train,1,426
train,1,432
train,1,433
train,1,434
train,1,444
train,1,446
train,1,452
train,1,458
train,1,467
train,1,470
train,1,471
train,1,478
train,1,482
train,1,486
train,1,488
train,1,491
train,1,502
train,1,505
train,1,508
train,1,513
train,1,525
train,1,538
train,1,540
train,1,541
train,1,542
train,1,548
train,1,551
train,1,561
train,1,562
train,1,566
train,1,567
train,1,570
train,1,577
train,1,588
train,1,590
train,1,592
train,1,596
train,1,602
train,1,605
train,1,608
train,1,611
train,1,618
train,1,622
train,1,627
train,1,628
train,1,630
train,1,633
train,1,644
train,1,646
train,1,672
train,1,679
train,1,685
train,1,688
train,1,698
train,1,699
train,1,700
train,1,701
train,1,709
train,1,712
train,1,719
train,1,731
train,1,736
train,1,741
train,1,744
train,1,745
train,1,750
train,1,762
train,1,777
train,1,789
train,1,791
train,1,795
train,1,797
train,1,803
train,1,804
train,1,805
train,1,814
train,1,816
train,1,827
train,1,830
train,1,836
train,1,845
train,1,847
train,1,848
train,1,849
train,1,856
train,1,857
train,1,858
train,1,862
train,1,863
train,1,868
train,1,870
train,1,4
train,1,5
train,1,10
train,1,31
train,1,41
train,1,45
train,1,49
train,1,53
train,1,58
train,1,62
train,1,64
train,1,69
train,1,73
train,1,76
train,1,77
train,1,79
train,1,81
train,1,88
train,1,98
train,1,133
train,1,136
train,1,143
train,1,146
train,1,153
train,1,157
train,1,159
train,1,166
train,1,171
train,1,178
train,1,189
train,1,195
train,1,196
train,1,200
train,1,204
train,1,207
train,1,209
train,1,217
train,1,227
train,1,233
train,1,242
train,1,256
train,1,268
train,1,284
train,1,288
train,1,316
train,1,320
train,1,345
train,1,347
train,1,349
train,1,354
train,1,363
train,1,368
train,1,370
train,1,373
train,1,381
train,1,383
train,1,387
train,1,391
train,1,403
train,1,409
train,1,417
train,1,447
train,1,448
train,1,457
train,1,465
train,1,466
train,1,484
train,1,494
train,1,512
train,1,521
train,1,528
train,1,535
train,1,539
train,1,543
train,1,544
train,1,547
train,1,549
train,1,553
train,1,559
train,1,582
train,1,585
train,1,591
train,1,600
train,1,604
train,1,606
train,1,612
train,1,625
train,1,648
train,1,666
train,1,668
train,1,669
train,1,671
train,1,677
train,1,697
train,1,707
train,1,714
train,1,715
train,1,716
train,1,721
train,1,727
train,1,732
train,1,738
train,1,755
train,1,757
train,1,764
train,1,765
train,1,766
train,1,776
train,1,780
train,1,785
train,1,794
train,1,819
train,1,822
train,1,860
train,1,861
train,2,3
train,2,7
train,2,8
train,2,12
train,2,13
train,2,16
train,2,19
train,2,24
train,2,25
train,2,28
train,2,48
train,2,54
train,2,56
train,2,57
train,2,66
train,2,70
train,2,72
train,2,80
train,2,92
train,2,93
train,2,97
train,2,102
train,2,108
train,2,112
train,2,116
train,2,117
train,2,118
train,2,121
train,2,123
train,2,124
train,2,128
train,2,147
train,2,154
train,2,162
train,2,165
train,2,172
train,2,177
train,2,180
train,2,183
train,2,194
train,2,197
train,2,205
train,2,208
train,2,211
train,2,215
train,2,216
train,2,226
train,2,240
train,2,246
train,2,250
train,2,252
train,2,254
train,2,257
train,2,262
train,2,264
train,2,265
train,2,270
train,2,271
train,2,279
train,2,280
train,2,281
train,2,291
train,2,311
train,2,322
train,2,323
train,2,325
train,2,331
train,2,332
train,2,338
train,2,339
train,2,342
train,2,355
train,2,358
train,2,359
train,2,361
train,2,365
train,2,376
train,2,382
train,2,386
train,2,389
train,2,396
train,2,406
train,2,412
train,2,414
train,2,415
train,2,435
train,2,439
train,2,440
train,2,441
train,2,443
train,2,450
train,2,463
train,2,472
train,2,481
train,2,483
train,2,497
train,2,500
train,2,503
train,2,504
train,2,511
train,2,516
train,2,518
train,2,522
train,2,523
train,2,529
train,2,552
train,2,560
train,2,564
train,2,571
train,2,572
train,2,576
train,2,594
train,2,599
train,2,601
train,2,613
train,2,617
train,2,621
train,2,626
train,2,631
train,2,634
train,2,636
train,2,638
train,2,639
train,2,645
train,2,658
train,2,659
train,2,670
train,2,673
train,2,674
train,2,676
train,2,682
train,2,683
train,2,684
train,2,703
train,2,705
train,2,708
train,2,710
train,2,711
train,2,720
train,2,723
train,2,724
train,2,730
train,2,742
train,2,751
train,2,752
train,2,761
train,2,768
train,2,770
train,2,771
train,2,772
train,2,774
train,2,781
train,2,786
train,2,796
train,2,801
train,2,802
train,2,806
train,2,811
train,2,812
train,2,813
train,2,817
train,2,821
train,2,832
train,2,834
train,2,837
train,2,839
train,2,843
train,2,846
train,2,850
train,2,851
train,2,864
train,2,866
train,2,872
train,2,873
train,2,874
train,2,875
train,2,876
train,2,18
train,2,20
train,2,46
train,2,51
train,2,63
train,2,78
train,2,101
train,2,103
train,2,109
train,2,110
train,2,115
train,2,131
train,2,137
train,2,138
train,2,142
train,2,145
train,2,163
train,2,173
train,2,182
train,2,185
train,2,212
train,2,235
train,2,245
train,2,248
train,2,269
train,2,272
train,2,277
train,2,283
train,2,289
train,2,294
train,2,297
train,2,300
train,2,307
train,2,308
train,2,314
train,2,319
train,2,348
train,2,350
train,2,375
train,2,380
train,2,401
train,2,402
train,2,410
train,2,411
train,2,420
train,2,429
train,2,437
train,2,454
train,2,456
train,2,459
train,2,460
train,2,462
train,2,464
train,2,468
train,2,473
train,2,474
train,2,479
train,2,485
train,2,496
train,2,498
train,2,530
train,2,531
train,2,534
train,2,546
train,2,555
train,2,568
train,2,574
train,2,579
train,2,581
train,2,583
train,2,584
train,2,593
train,2,595
train,2,597
train,2,614
train,2,616
train,2,619
train,2,624
train,2,642
train,2,643
train,2,651
train,2,657
train,2,662
train,2,663
train,2,665
train,2,681
train,2,692
train,2,713
train,2,725
train,2,733
train,2,735
train,2,740
train,2,743
train,2,754
train,2,756
train,2,758
train,2,760
train,2,763
train,2,767
train,2,778
train,2,779
train,2,784
train,2,787
train,2,790
train,2,798
train,2,807
train,2,820
train,2,823
train,2,826
train,2,833
train,2,840
train,2,841
train,2,842
train,2,852
train,2,867
train,2,877
train,2,1
train,2,2
train,2,6
train,2,15
train,2,17
train,2,22
train,2,26
train,2,27
train,2,32
train,2,33
train,2,36
train,2,39
train,2,43
train,2,44
train,2,47
train,2,52
train,2,59
train,2,60
train,2,65
train,2,68
train,2,71
train,2,74
train,2,82
train,2,89
train,2,94
train,2,96
train,2,114
train,2,129
train,2,132
train,2,139
train,2,144
train,2,149
train,2,150
train,2,155
train,2,156
train,2,176
train,2,179
train,2,186
train,2,187
train,2,191
train,2,193
train,2,203
train,2,210
train,2,213
train,2,220
train,2,222
train,2,223
train,2,224
train,2,225
train,2,231
train,2,232
train,2,236
train,2,241
train,2,243
train,2,255
train,2,258
train,2,260
train,2,263
train,2,273
train,2,275
train,2,276
train,2,286
train,2,287
train,2,290
train,2,292
train,2,298
train,2,301
train,2,302
train,2,303
train,2,310
train,2,313
train,2,329
train,2,330
train,2,343
train,2,346
train,2,353
train,2,357
train,2,367
train,2,384
train,2,398
train,2,400
train,2,413
train,2,419
train,2,422
train,2,424
train,2,426
train,2,432
train,2,433
train,2,434
train,2,444
train,2,446
train,2,452
train,2,458
train,2,467
train,2,470
train,2,471
train,2,478
train,2,482
train,2,486
train,2,488
train,2,491
train,2,502
train,2,505
train,2,508
train,2,513
train,2,525
train,2,538
train,2,540
train,2,541
train,2,542
train,2,548
train,2,551
train,2,561
train,2,562
train,2,566
train,2,567
train,2,570
train,2,577
train,2,588
train,2,590
train,2,592
train,2,596
train,2,602
train,2,605
train,2,608
train,2,611
train,2,618
train,2,622
train,2,627
train,2,628
train,2,630
train,2,633
train,2,644
train,2,646
train,2,672
train,2,679
train,2,685
train,2,688
train,2,698
train,2,699
train,2,700
train,2,701
train,2,709
train,2,712
train,2,719
train,2,731
train,2,736
train,2,741
train,2,744
train,2,745
train,2,750
train,2,762
train,2,777
train,2,789
train,2,791
train,2,795
train,2,797
train,2,803
train,2,804
train,2,805
train,2,814
train,2,816
train,2,827
train,2,830
train,2,836
train,2,845
train,2,847
train,2,848
train,2,849
train,2,856
train,2,857
train,2,858
train,2,862
train,2,863
train,2,868
train,2,870
train,2,4
train,2,5
train,2,10
train,2,31
train,2,41
train,2,45
train,2,49
train,2,53
train,2,58
train,2,62
train,2,64
train,2,69
train,2,73
train,2,76
train,2,77
train,2,79
train,2,81
train,2,88
train,2,98
train,2,133
train,2,136
train,2,143
train,2,146
train,2,153
train,2,157
train,2,159
train,2,166
train,2,171
train,2,178
train,2,189
train,2,195
train,2,196
train,2,200
train,2,204
train,2,207
train,2,209
train,2,217
train,2,227
train,2,233
train,2,242
train,2,256
train,2,268
train,2,284
train,2,288
train,2,316
train,2,320
train,2,345
train,2,347
train,2,349
train,2,354
train,2,363
train,2,368
train,2,370
train,2,373
train,2,381
train,2,383
train,2,387
train,2,391
train,2,403
train,2,409
train,2,417
train,2,447
train,2,448
train,2,457
train,2,465
train,2,466
train,2,484
train,2,494
train,2,512
train,2,521
train,2,528
train,2,535
train,2,539
train,2,543
train,2,544
train,2,547
train,2,549
train,2,553
train,2,559
train,2,582
train,2,585
train,2,591
train,2,600
train,2,604
train,2,606
train,2,612
train,2,625
train,2,648
train,2,666
train,2,668
train,2,669
train,2,671
train,2,677
train,2,697
train,2,707
train,2,714
train,2,715
train,2,716
train,2,721
train,2,727
train,2,732
train,2,738
train,2,755
train,2,757
train,2,764
train,2,765
train,2,766
train,2,776
train,2,780
train,2,785
train,2,794
train,2,819
train,2,822
train,2,860
train,2,861
train,3,3
train,3,7
train,3,8
train,3,12
train,3,13
train,3,16
train,3,19
train,3,24
train,3,25
train,3,28
train,3,48
train,3,54
train,3,56
train,3,57
train,3,66
train,3,70
train,3,72
train,3,80
train,3,92
train,3,93
train,3,97
train,3,102
train,3,108
train,3,112
train,3,116
train,3,117
train,3,118
train,3,121
train,3,123
train,3,124
train,3,128
train,3,147
train,3,154
train,3,162
train,3,165
train,3,172
train,3,177
train,3,180
train,3,183
train,3,194
train,3,197
train,3,205
train,3,208
train,3,211
train,3,215
train,3,216
train,3,226
train,3,240
train,3,246
train,3,250
train,3,252
train,3,254
train,3,257
train,3,262
train,3,264
train,3,265
train,3,270
train,3,271
train,3,279
train,3,280
train,3,281
train,3,291
train,3,311
train,3,322
train,3,323
train,3,325
train,3,331
train,3,332
train,3,338
train,3,339
train,3,342
train,3,355
train,3,358
train,3,359
train,3,361
train,3,365
train,3,376
train,3,382
train,3,386
train,3,389
train,3,396
train,3,406
train,3,412
train,3,414
train,3,415
train,3,435
train,3,439
train,3,440
train,3,441
train,3,443
train,3,450
train,3,463
train,3,472
train,3,481
train,3,483
train,3,497
train,3,500
train,3,503
train,3,504
train,3,511
train,3,516
train,3,518
train,3,522
train,3,523
train,3,529
train,3,552
train,3,560
train,3,564
train,3,571
train,3,572
train,3,576
train,3,594
train,3,599
train,3,601
train,3,613
train,3,617
train,3,621
train,3,626
train,3,631
train,3,634
train,3,636
train,3,638
train,3,639
train,3,645
train,3,658
train,3,659
train,3,670
train,3,673
train,3,674
train,3,676
train,3,682
train,3,683
train,3,684
train,3,703
train,3,705
train,3,708
train,3,710
train,3,711
train,3,720
train,3,723
train,3,724
train,3,730
train,3,742
train,3,751
train,3,752
train,3,761
train,3,768
train,3,770
train,3,771
train,3,772
train,3,774
train,3,781
train,3,786
train,3,796
train,3,801
train,3,802
train,3,806
train,3,811
train,3,812
train,3,813
train,3,817
train,3,821
train,3,832
train,3,834
train,3,837
train,3,839
train,3,843
train,3,846
train,3,850
train,3,851
train,3,864
train,3,866
train,3,872
train,3,873
train,3,874
train,3,875
train,3,876
train,3,18
train,3,20
train,3,46
train,3,51
train,3,63
train,3,78
train,3,101
train,3,103
train,3,109
train,3,110
train,3,115
train,3,131
train,3,137
train,3,138
train,3,142
train,3,145
train,3,163
train,3,173
train,3,182
train,3,185
train,3,212
train,3,235
train,3,245
train,3,248
train,3,269
train,3,272
train,3,277
train,3,283
train,3,289
train,3,294
train,3,297
train,3,300
train,3,307
train,3,308
train,3,314
train,3,319
train,3,348
train,3,350
train,3,375
train,3,380
train,3,401
train,3,402
train,3,410
train,3,411
train,3,420
train,3,429
train,3,437
train,3,454
train,3,456
train,3,459
train,3,460
train,3,462
train,3,464
train,3,468
train,3,473
train,3,474
train,3,479
train,3,485
train,3,496
train,3,498
train,3,530
train,3,531
train,3,534
train,3,546
train,3,555
train,3,568
train,3,574
train,3,579
train,3,581
train,3,583
train,3,584
train,3,593
train,3,595
train,3,597
train,3,614
train,3,616
train,3,619
train,3,624
train,3,642
train,3,643
train,3,651
train,3,657
train,3,662
train,3,663
train,3,665
train,3,681
train,3,692
train,3,713
train,3,725
train,3,733
train,3,735
train,3,740
train,3,743
train,3,754
train,3,756
train,3,758
train,3,760
train,3,763
train,3,767
train,3,778
train,3,779
train,3,784
train,3,787
train,3,790
train,3,798
train,3,807
train,3,820
train,3,823
train,3,826
train,3,833
train,3,840
train,3,841
train,3,842
train,3,852
train,3,867
train,3,877
train,3,9
train,3,11
train,3,21
train,3,23
train,3,29
train,3,30
train,3,40
train,3,61
train,3,67
train,3,75
train,3,83
train,3,84
train,3,87
train,3,90
train,3,95
train,3,99
train,3,104
train,3,106
train,3,107
train,3,113
train,3,119
train,3,122
train,3,125
train,3,126
train,3,140
train,3,141
train,3,151
train,3,152
train,3,160
train,3,164
train,3,167
train,3,168
train,3,169
train,3,170
train,3,174
train,3,175
train,3,181
train,3,190
train,3,192
train,3,198
train,3,199
train,3,201
train,3,202
train,3,206
train,3,218
train,3,219
train,3,221
train,3,228
train,3,234
train,3,239
train,3,244
train,3,247
train,3,249
train,3,251
train,3,253
train,3,267
train,3,274
train,3,293
train,3,295
train,3,296
train,3,304
train,3,305
train,3,312
train,3,315
train,3,321
train,3,327
train,3,328
train,3,333
train,3,334
train,3,335
train,3,336
train,3,352
train,3,356
train,3,360
train,3,362
train,3,364
train,3,366
train,3,369
train,3,374
train,3,377
train,3,378
train,3,379
train,3,385
train,3,388
train,3,392
train,3,395
train,3,397
train,3,399
train,3,404
train,3,407
train,3,416
train,3,421
train,3,425
train,3,427
train,3,428
train,3,430
train,3,431
train,3,436
train,3,442
train,3,449
train,3,451
train,3,453
train,3,455
train,3,461
train,3,475
train,3,476
train,3,490
train,3,493
train,3,495
train,3,499
train,3,501
train,3,506
train,3,509
train,3,510
train,3,514
train,3,515
train,3,519
train,3,520
train,3,526
train,3,532
train,3,533
train,3,537
train,3,550
train,3,556
train,3,557
train,3,558
train,3,569
train,3,573
train,3,580
train,3,586
train,3,587
train,3,610
train,3,615
train,3,623
train,3,629
train,3,632
train,3,640
train,3,649
train,3,653
train,3,654
train,3,660
train,3,664
train,3,675
train,3,680
train,3,686
train,3,689
train,3,690
train,3,691
train,3,693
train,3,695
train,3,702
train,3,718
train,3,722
train,3,729
train,3,737
train,3,748
train,3,749
train,3,753
train,3,759
train,3,773
train,3,775
train,3,788
train,3,792
train,3,793
train,3,799
train,3,800
train,3,809
train,3,818
train,3,824
train,3,825
train,3,831
train,3,838
train,3,844
train,3,855
train,3,859
train,3,869
train,3,871
train,3,14
train,3,34
train,3,35
train,3,37
train,3,38
train,3,42
train,3,50
train,3,55
train,3,85
train,3,86
train,3,91
train,3,100
train,3,105
train,3,111
train,3,120
train,3,127
train,3,130
train,3,134
train,3,135
train,3,148
train,3,158
train,3,161
train,3,184
train,3,188
train,3,214
train,3,229
train,3,230
train,3,237
train,3,238
train,3,259
train,3,261
train,3,266
train,3,278
train,3,282
train,3,285
train,3,299
train,3,306
train,3,309
train,3,317
train,3,318
train,3,324
train,3,326
train,3,337
train,3,340
train,3,341
train,3,344
train,3,351
train,3,371
train,3,372
train,3,390
train,3,393
train,3,394
train,3,405
train,3,408
train,3,418
train,3,423
train,3,438
train,3,445
train,3,469
train,3,477
train,3,480
train,3,487
train,3,489
train,3,492
train,3,507
train,3,517
train,3,524
train,3,527
train,3,536
train,3,545
train,3,554
train,3,563
train,3,565
train,3,575
train,3,578
train,3,589
train,3,598
train,3,603
train,3,607
train,3,609
train,3,620
train,3,635
train,3,637
train,3,641
train,3,647
train,3,650
train,3,652
train,3,655
train,3,656
train,3,661
train,3,667
train,3,678
train,3,687
train,3,694
train,3,696
train,3,704
train,3,706
train,3,717
train,3,726
train,3,728
train,3,734
train,3,739
train,3,746
train,3,747
train,3,769
train,3,782
train,3,783
train,3,808
train,3,810
train,3,815
train,3,828
train,3,829
train,3,835
train,3,853
train,3,854
train,3,865
train,4,2
train,4,7
train,4,8
train,4,13
train,4,17
train,4,22
train,4,29
train,4,33
train,4,36
train,4,40
train,4,44
train,4,47
train,4,66
train,4,68
train,4,71
train,4,74
train,4,80
train,4,92
train,4,99
train,4,112
train,4,114
train,4,116
train,4,117
train,4,118
train,4,121
train,4,122
train,4,126
train,4,132
train,4,141
train,4,150
train,4,151
train,4,152
train,4,155
train,4,156
train,4,160
train,4,162
train,4,176
train,4,177
train,4,180
train,4,183
train,4,187
train,4,197
train,4,202
train,4,203
train,4,205
train,4,221
train,4,222
train,4,226
train,4,231
train,4,240
train,4,246
train,4,247
train,4,251
train,4,253
train,4,257
train,4,262
train,4,279
train,4,287
train,4,291
train,4,293
train,4,298
train,4,301
train,4,304
train,4,311
train,4,315
train,4,321
train,4,322
train,4,325
train,4,327
train,4,332
train,4,334
train,4,339
train,4,342
train,4,343
train,4,346
train,4,358
train,4,361
train,4,365
train,4,369
train,4,376
train,4,377
train,4,378
train,4,397
train,4,399
train,4,400
train,4,404
train,4,414
train,4,415
train,4,422
train,4,425
train,4,426
train,4,430
train,4,433
train,4,435
train,4,439
train,4,442
train,4,443
train,4,446
train,4,449
train,4,453
train,4,455
train,4,458
train,4,463
train,4,467
train,4,470
train,4,475
train,4,476
train,4,481
train,4,500
train,4,506
train,4,520
train,4,522
train,4,525
train,4,529
train,4,532
train,4,538
train,4,541
train,4,552
train,4,556
train,4,560
train,4,564
train,4,569
train,4,573
train,4,594
train,4,596
train,4,599
train,4,608
train,4,610
train,4,615
train,4,622
train,4,627
train,4,630
train,4,632
train,4,634
train,4,639
train,4,649
train,4,654
train,4,659
train,4,672
train,4,673
train,4,686
train,4,690
train,4,693
train,4,698
train,4,700
train,4,712
train,4,724
train,4,730
train,4,737
train,4,748
train,4,750
train,4,753
train,4,770
train,4,771
train,4,772
train,4,786
train,4,788
train,4,789
train,4,800
train,4,801
train,4,802
train,4,806
train,4,811
train,4,812
train,4,816
train,4,818
train,4,827
train,4,831
train,4,837
train,4,845
train,4,849
train,4,856
train,4,870
train,4,871
train,4,872
train,4,874
train,4,875
train,4,10
train,4,14
train,4,20
train,4,35
train,4,37
train,4,50
train,4,64
train,4,69
train,4,73
train,4,78
train,4,103
train,4,105
train,4,120
train,4,130
train,4,138
train,4,146
train,4,148
train,4,157
train,4,163
train,4,173
train,4,178
train,4,184
train,4,185
train,4,196
train,4,217
train,4,227
train,4,229
train,4,248
train,4,259
train,4,268
train,4,269
train,4,277
train,4,278
train,4,282
train,4,283
train,4,284
train,4,307
train,4,319
train,4,320
train,4,337
train,4,340
train,4,344
train,4,345
train,4,347
train,4,349
train,4,351
train,4,363
train,4,368
train,4,371
train,4,403
train,4,405
train,4,408
train,4,409
train,4,418
train,4,445
train,4,448
train,4,456
train,4,465
train,4,477
train,4,484
train,4,496
train,4,507
train,4,527
train,4,530
train,4,547
train,4,554
train,4,565
train,4,575
train,4,583
train,4,585
train,4,589
train,4,591
train,4,595
train,4,603
train,4,604
train,4,606
train,4,609
train,4,612
train,4,614
train,4,620
train,4,635
train,4,643
train,4,648
train,4,650
train,4,662
train,4,665
train,4,667
train,4,696
train,4,704
train,4,714
train,4,715
train,4,721
train,4,727
train,4,734
train,4,739
train,4,740
train,4,743
train,4,746
train,4,756
train,4,758
train,4,766
train,4,769
train,4,778
train,4,790
train,4,808
train,4,810
train,4,815
train,4,826
train,4,833
train,4,841
train,4,852
train,4,853
train,4,854
train,4,861
train,4,867
train,4,877
train,4,11
train,4,12
train,4,15
train,4,16
train,4,23
train,4,24
train,4,25
train,4,26
train,4,30
train,4,48
train,4,56
train,4,57
train,4,59
train,4,67
train,4,70
train,4,72
train,4,82
train,4,84
train,4,87
train,4,89
train,4,93
train,4,94
train,4,96
train,4,97
train,4,108
train,4,113
train,4,119
train,4,124
train,4,125
train,4,129
train,4,139
train,4,144
train,4,147
train,4,165
train,4,167
train,4,170
train,4,172
train,4,174
train,4,175
train,4,181
train,4,191
train,4,192
train,4,194
train,4,199
train,4,210
train,4,216
train,4,219
train,4,224
train,4,228
train,4,239
train,4,244
train,4,249
train,4,250
train,4,252
train,4,254
train,4,255
train,4,260
train,4,264
train,4,265
train,4,281
train,4,286
train,4,292
train,4,296
train,4,313
train,4,328
train,4,331
train,4,333
train,4,335
train,4,352
train,4,353
train,4,356
train,4,359
train,4,362
train,4,366
train,4,367
train,4,389
train,4,392
train,4,396
train,4,406
train,4,407
train,4,412
train,4,419
train,4,424
train,4,427
train,4,428
train,4,431
train,4,432
train,4,436
train,4,452
train,4,471
train,4,472
train,4,478
train,4,482
train,4,486
train,4,488
train,4,490
train,4,491
train,4,493
train,4,499
train,4,503
train,4,505
train,4,509
train,4,510
train,4,513
train,4,514
train,4,516
train,4,519
train,4,523
train,4,533
train,4,537
train,4,540
train,4,542
train,4,548
train,4,551
train,4,558
train,4,567
train,4,571
train,4,572
train,4,587
train,4,588
train,4,590
train,4,592
train,4,601
train,4,602
train,4,613
train,4,617
train,4,626
train,4,629
train,4,631
train,4,633
train,4,638
train,4,646
train,4,653
train,4,660
train,4,664
train,4,683
train,4,684
train,4,685
train,4,688
train,4,689
train,4,691
train,4,701
train,4,703
train,4,711
train,4,718
train,4,720
train,4,731
train,4,736
train,4,741
train,4,744
train,4,745
train,4,749
train,4,759
train,4,768
train,4,773
train,4,777
train,4,791
train,4,792
train,4,793
train,4,795
train,4,796
train,4,799
train,4,804
train,4,805
train,4,817
train,4,836
train,4,839
train,4,843
train,4,846
train,4,847
train,4,848
train,4,855
train,4,862
train,4,863
train,4,864
train,4,866
train,4,4
train,4,31
train,4,38
train,4,41
train,4,42
train,4,45
train,4,63
train,4,77
train,4,79
train,4,88
train,4,91
train,4,100
train,4,101
train,4,110
train,4,135
train,4,137
train,4,142
train,4,158
train,4,161
train,4,182
train,4,188
train,4,195
train,4,204
train,4,209
train,4,212
train,4,214
train,4,230
train,4,233
train,4,242
train,4,256
train,4,266
train,4,297
train,4,300
train,4,308
train,4,309
train,4,314
train,4,317
train,4,318
train,4,348
train,4,350
train,4,354
train,4,370
train,4,372
train,4,375
train,4,380
train,4,381
train,4,383
train,4,387
train,4,394
train,4,402
train,4,417
train,4,437
train,4,447
train,4,457
train,4,460
train,4,462
train,4,468
train,4,474
train,4,479
train,4,480
train,4,485
train,4,487
train,4,492
train,4,494
train,4,498
train,4,524
train,4,536
train,4,539
train,4,546
train,4,549
train,4,555
train,4,559
train,4,574
train,4,578
train,4,581
train,4,582
train,4,584
train,4,597
train,4,600
train,4,616
train,4,624
train,4,637
train,4,642
train,4,651
train,4,657
train,4,661
train,4,666
train,4,668
train,4,671
train,4,677
train,4,678
train,4,694
train,4,707
train,4,713
train,4,726
train,4,728
train,4,732
train,4,733
train,4,747
train,4,757
train,4,763
train,4,779
train,4,780
train,4,782
train,4,785
train,4,794
train,4,798
train,4,807
train,4,819
train,4,820
train,4,822
train,4,828
train,4,829
train,4,835
train,4,865
train,5,1
train,5,3
train,5,6
train,5,9
train,5,19
train,5,21
train,5,27
train,5,28
train,5,32
train,5,39
train,5,43
train,5,52
train,5,54
train,5,60
train,5,61
train,5,65
train,5,75
train,5,83
train,5,90
train,5,95
train,5,102
train,5,104
train,5,106
train,5,107
train,5,123
train,5,128
train,5,140
train,5,149
train,5,154
train,5,164
train,5,168
train,5,169
train,5,179
train,5,186
train,5,190
train,5,193
train,5,198
train,5,201
train,5,206
train,5,208
train,5,211
train,5,213
train,5,215
train,5,218
train,5,220
train,5,223
train,5,225
train,5,232
train,5,234
train,5,236
train,5,241
train,5,243
train,5,258
train,5,263
train,5,267
train,5,270
train,5,271
train,5,273
train,5,274
train,5,275
train,5,276
train,5,280
train,5,290
train,5,295
train,5,302
train,5,303
train,5,305
train,5,310
train,5,312
train,5,323
train,5,329
train,5,330
train,5,336
train,5,338
train,5,355
train,5,357
train,5,360
train,5,364
train,5,374
train,5,379
train,5,382
train,5,384
train,5,385
train,5,386
train,5,388
train,5,395
train,5,398
train,5,413
train,5,416
train,5,421
train,5,434
train,5,440
train,5,441
train,5,444
train,5,450
train,5,451
train,5,461
train,5,483
train,5,495
train,5,497
train,5,501
train,5,502
train,5,504
train,5,508
train,5,511
train,5,515
train,5,518
train,5,526
train,5,550
train,5,557
train,5,561
train,5,562
train,5,566
train,5,570
train,5,576
train,5,577
train,5,580
train,5,586
train,5,605
train,5,611
train,5,618
train,5,621
train,5,623
train,5,628
train,5,636
train,5,640
train,5,644
train,5,645
train,5,658
train,5,670
train,5,674
train,5,675
train,5,676
train,5,679
train,5,680
train,5,682
train,5,695
train,5,699
train,5,702
train,5,705
train,5,708
train,5,709
train,5,710
train,5,719
train,5,722
train,5,723
train,5,729
train,5,742
train,5,751
train,5,752
train,5,761
train,5,762
train,5,774
train,5,775
train,5,781
train,5,797
train,5,803
train,5,809
train,5,813
train,5,814
train,5,821
train,5,824
train,5,825
train,5,830
train,5,832
train,5,834
train,5,838
train,5,844
train,5,850
train,5,851
train,5,857
train,5,858
train,5,859
train,5,868
train,5,869
train,5,873
train,5,876
train,5,5
train,5,18
train,5,34
train,5,46
train,5,49
train,5,51
train,5,53
train,5,55
train,5,58
train,5,62
train,5,76
train,5,81
train,5,85
train,5,86
train,5,98
train,5,109
train,5,111
train,5,115
train,5,127
train,5,131
train,5,133
train,5,134
train,5,136
train,5,143
train,5,145
train,5,153
train,5,159
train,5,166
train,5,171
train,5,189
train,5,200
train,5,207
train,5,235
train,5,237
train,5,238
train,5,245
train,5,261
train,5,272
train,5,285
train,5,288
train,5,289
train,5,294
train,5,299
train,5,306
train,5,316
train,5,324
train,5,326
train,5,341
train,5,373
train,5,390
train,5,391
train,5,393
train,5,401
train,5,410
train,5,411
train,5,420
train,5,423
train,5,429
train,5,438
train,5,454
train,5,459
train,5,464
train,5,466
train,5,469
train,5,473
train,5,489
train,5,512
train,5,517
train,5,521
train,5,528
train,5,531
train,5,534
train,5,535
train,5,543
train,5,544
train,5,545
train,5,553
train,5,563
train,5,568
train,5,579
train,5,593
train,5,598
train,5,607
train,5,619
train,5,625
train,5,641
train,5,647
train,5,652
train,5,655
train,5,656
train,5,663
train,5,669
train,5,681
train,5,687
train,5,692
train,5,697
train,5,706
train,5,716
train,5,717
train,5,725
train,5,735
train,5,738
train,5,754
train,5,755
train,5,760
train,5,764
train,5,765
train,5,767
train,5,776
train,5,783
train,5,784
train,5,787
train,5,823
train,5,840
train,5,842
train,5,860
train,5,11
train,5,12
train,5,15
train,5,16
train,5,23
train,5,24
train,5,25
train,5,26
train,5,30
train,5,48
train,5,56
train,5,57
train,5,59
train,5,67
train,5,70
train,5,72
train,5,82
train,5,84
train,5,87
train,5,89
train,5,93
train,5,94
train,5,96
train,5,97
train,5,108
train,5,113
train,5,119
train,5,124
train,5,125
train,5,129
train,5,139
train,5,144
train,5,147
train,5,165
train,5,167
train,5,170
train,5,172
train,5,174
train,5,175
train,5,181
train,5,191
train,5,192
train,5,194
train,5,199
train,5,210
train,5,216
train,5,219
train,5,224
train,5,228
train,5,239
train,5,244
train,5,249
train,5,250
train,5,252
train,5,254
train,5,255
train,5,260
train,5,264
train,5,265
train,5,281
train,5,286
train,5,292
train,5,296
train,5,313
train,5,328
train,5,331
train,5,333
train,5,335
train,5,352
train,5,353
train,5,356
train,5,359
train,5,362
train,5,366
train,5,367
train,5,389
train,5,392
train,5,396
train,5,406
train,5,407
train,5,412
train,5,419
train,5,424
train,5,427
train,5,428
train,5,431
train,5,432
train,5,436
train,5,452
train,5,471
train,5,472
train,5,478
train,5,482
train,5,486
train,5,488
train,5,490
train,5,491
train,5,493
train,5,499
train,5,503
train,5,505
train,5,509
train,5,510
train,5,513
train,5,514
train,5,516
train,5,519
train,5,523
train,5,533
train,5,537
train,5,540
train,5,542
train,5,548
train,5,551
train,5,558
train,5,567
train,5,571
train,5,572
train,5,587
train,5,588
train,5,590
train,5,592
train,5,601
train,5,602
train,5,613
train,5,617
train,5,626
train,5,629
train,5,631
train,5,633
train,5,638
train,5,646
train,5,653
train,5,660
train,5,664
train,5,683
train,5,684
train,5,685
train,5,688
train,5,689
train,5,691
train,5,701
train,5,703
train,5,711
train,5,718
train,5,720
train,5,731
train,5,736
train,5,741
train,5,744
train,5,745
train,5,749
train,5,759
train,5,768
train,5,773
train,5,777
train,5,791
train,5,792
train,5,793
train,5,795
train,5,796
train,5,799
train,5,804
train,5,805
train,5,817
train,5,836
train,5,839
train,5,843
train,5,846
train,5,847
train,5,848
train,5,855
train,5,862
train,5,863
train,5,864
train,5,866
train,5,4
train,5,31
train,5,38
train,5,41
train,5,42
train,5,45
train,5,63
train,5,77
train,5,79
train,5,88
train,5,91
train,5,100
train,5,101
train,5,110
train,5,135
train,5,137
train,5,142
train,5,158
train,5,161
train,5,182
train,5,188
train,5,195
train,5,204
train,5,209
train,5,212
train,5,214
train,5,230
train,5,233
train,5,242
train,5,256
train,5,266
train,5,297
train,5,300
train,5,308
train,5,309
train,5,314
train,5,317
train,5,318
train,5,348
train,5,350
train,5,354
train,5,370
train,5,372
train,5,375
train,5,380
train,5,381
train,5,383
train,5,387
train,5,394
train,5,402
train,5,417
train,5,437
train,5,447
train,5,457
train,5,460
train,5,462
train,5,468
train,5,474
train,5,479
train,5,480
train,5,485
train,5,487
train,5,492
train,5,494
train,5,498
train,5,524
train,5,536
train,5,539
train,5,546
train,5,549
train,5,555
train,5,559
train,5,574
train,5,578
train,5,581
train,5,582
train,5,584
train,5,597
train,5,600
train,5,616
train,5,624
train,5,637
train,5,642
train,5,651
train,5,657
train,5,661
train,5,666
train,5,668
train,5,671
train,5,677
train,5,678
train,5,694
train,5,707
train,5,713
train,5,726
train,5,728
train,5,732
train,5,733
train,5,747
train,5,757
train,5,763
train,5,779
train,5,780
train,5,782
train,5,785
train,5,794
train,5,798
train,5,807
train,5,819
train,5,820
train,5,822
train,5,828
train,5,829
train,5,835
train,5,865
train,6,1
train,6,3
train,6,6
train,6,9
train,6,19
train,6,21
train,6,27
train,6,28
train,6,32
train,6,39
train,6,43
train,6,52
train,6,54
train,6,60
train,6,61
train,6,65
train,6,75
train,6,83
train,6,90
train,6,95
train,6,102
train,6,104
train,6,106
train,6,107
train,6,123
train,6,128
train,6,140
train,6,149
train,6,154
train,6,164
train,6,168
train,6,169
train,6,179
train,6,186
train,6,190
train,6,193
train,6,198
train,6,201
train,6,206
train,6,208
train,6,211
train,6,213
train,6,215
train,6,218
train,6,220
train,6,223
train,6,225
train,6,232
train,6,234
train,6,236
train,6,241
train,6,243
train,6,258
train,6,263
train,6,267
train,6,270
train,6,271
train,6,273
train,6,274
train,6,275
train,6,276
train,6,280
train,6,290
train,6,295
train,6,302
train,6,303
train,6,305
train,6,310
train,6,312
train,6,323
train,6,329
train,6,330
train,6,336
train,6,338
train,6,355
train,6,357
train,6,360
train,6,364
train,6,374
train,6,379
train,6,382
train,6,384
train,6,385
train,6,386
train,6,388
train,6,395
train,6,398
train,6,413
train,6,416
train,6,421
train,6,434
train,6,440
train,6,441
train,6,444
train,6,450
train,6,451
train,6,461
train,6,483
train,6,495
train,6,497
train,6,501
train,6,502
train,6,504
train,6,508
train,6,511
train,6,515
train,6,518
train,6,526
train,6,550
train,6,557
train,6,561
train,6,562
train,6,566
train,6,570
train,6,576
train,6,577
train,6,580
train,6,586
train,6,605
train,6,611
train,6,618
train,6,621
train,6,623
train,6,628
train,6,636
train,6,640
train,6,644
train,6,645
train,6,658
train,6,670
train,6,674
train,6,675
train,6,676
train,6,679
train,6,680
train,6,682
train,6,695
train,6,699
train,6,702
train,6,705
train,6,708
train,6,709
train,6,710
train,6,719
train,6,722
train,6,723
train,6,729
train,6,742
train,6,751
train,6,752
train,6,761
train,6,762
train,6,774
train,6,775
train,6,781
train,6,797
train,6,803
train,6,809
train,6,813
train,6,814
train,6,821
train,6,824
train,6,825
train,6,830
train,6,832
train,6,834
train,6,838
train,6,844
train,6,850
train,6,851
train,6,857
train,6,858
train,6,859
train,6,868
train,6,869
train,6,873
train,6,876
train,6,5
train,6,18
train,6,34
train,6,46
train,6,49
train,6,51
train,6,53
train,6,55
train,6,58
train,6,62
train,6,76
train,6,81
train,6,85
train,6,86
train,6,98
train,6,109
train,6,111
train,6,115
train,6,127
train,6,131
train,6,133
train,6,134
train,6,136
train,6,143
train,6,145
train,6,153
train,6,159
train,6,166
train,6,171
train,6,189
train,6,200
train,6,207
train,6,235
train,6,237
train,6,238
train,6,245
train,6,261
train,6,272
train,6,285
train,6,288
train,6,289
train,6,294
train,6,299
train,6,306
train,6,316
train,6,324
train,6,326
train,6,341
train,6,373
train,6,390
train,6,391
train,6,393
train,6,401
train,6,410
train,6,411
train,6,420
train,6,423
train,6,429
train,6,438
train,6,454
train,6,459
train,6,464
train,6,466
train,6,469
train,6,473
train,6,489
train,6,512
train,6,517
train,6,521
train,6,528
train,6,531
train,6,534
train,6,535
train,6,543
train,6,544
train,6,545
train,6,553
train,6,563
train,6,568
train,6,579
train,6,593
train,6,598
train,6,607
train,6,619
train,6,625
train,6,641
train,6,647
train,6,652
train,6,655
train,6,656
train,6,663
train,6,669
train,6,681
train,6,687
train,6,692
train,6,697
train,6,706
train,6,716
train,6,717
train,6,725
train,6,735
train,6,738
train,6,754
train,6,755
train,6,760
train,6,764
train,6,765
train,6,767
train,6,776
train,6,783
train,6,784
train,6,787
train,6,823
train,6,840
train,6,842
train,6,860
train,6,2
train,6,7
train,6,8
train,6,13
train,6,17
train,6,22
train,6,29
train,6,33
train,6,36
train,6,40
train,6,44
train,6,47
train,6,66
train,6,68
train,6,71
train,6,74
train,6,80
train,6,92
train,6,99
train,6,112
train,6,114
train,6,116
train,6,117
train,6,118
train,6,121
train,6,122
train,6,126
train,6,132
train,6,141
train,6,150
train,6,151
train,6,152
train,6,155
train,6,156
train,6,160
train,6,162
train,6,176
train,6,177
train,6,180
train,6,183
train,6,187
train,6,197
train,6,202
train,6,203
train,6,205
train,6,221
train,6,222
train,6,226
train,6,231
train,6,240
train,6,246
train,6,247
train,6,251
train,6,253
train,6,257
train,6,262
train,6,279
train,6,287
train,6,291
train,6,293
train,6,298
train,6,301
train,6,304
train,6,311
train,6,315
train,6,321
train,6,322
train,6,325
train,6,327
train,6,332
train,6,334
train,6,339
train,6,342
train,6,343
train,6,346
train,6,358
train,6,361
train,6,365
train,6,369
train,6,376
train,6,377
train,6,378
train,6,397
train,6,399
train,6,400
train,6,404
train,6,414
train,6,415
train,6,422
train,6,425
train,6,426
train,6,430
train,6,433
train,6,435
train,6,439
train,6,442
train,6,443
train,6,446
train,6,449
train,6,453
train,6,455
train,6,458
train,6,463
train,6,467
train,6,470
train,6,475
train,6,476
train,6,481
train,6,500
train,6,506
train,6,520
train,6,522
train,6,525
train,6,529
train,6,532
train,6,538
train,6,541
train,6,552
train,6,556
train,6,560
train,6,564
train,6,569
train,6,573
train,6,594
train,6,596
train,6,599
train,6,608
train,6,610
train,6,615
train,6,622
train,6,627
train,6,630
train,6,632
train,6,634
train,6,639
train,6,649
train,6,654
train,6,659
train,6,672
train,6,673
train,6,686
train,6,690
train,6,693
train,6,698
train,6,700
train,6,712
train,6,724
train,6,730
train,6,737
train,6,748
train,6,750
train,6,753
train,6,770
train,6,771
train,6,772
train,6,786
train,6,788
train,6,789
train,6,800
train,6,801
train,6,802
train,6,806
train,6,811
train,6,812
train,6,816
train,6,818
train,6,827
train,6,831
train,6,837
train,6,845
train,6,849
train,6,856
train,6,870
train,6,871
train,6,872
train,6,874
train,6,875
train,6,10
train,6,14
train,6,20
train,6,35
train,6,37
train,6,50
train,6,64
train,6,69
train,6,73
train,6,78
train,6,103
train,6,105
train,6,120
train,6,130
train,6,138
train,6,146
train,6,148
train,6,157
train,6,163
train,6,173
train,6,178
train,6,184
train,6,185
train,6,196
train,6,217
train,6,227
train,6,229
train,6,248
train,6,259
train,6,268
train,6,269
train,6,277
train,6,278
train,6,282
train,6,283
train,6,284
train,6,307
train,6,319
train,6,320
train,6,337
train,6,340
train,6,344
train,6,345
train,6,347
train,6,349
train,6,351
train,6,363
train,6,368
train,6,371
train,6,403
train,6,405
train,6,408
train,6,409
train,6,418
train,6,445
train,6,448
train,6,456
train,6,465
train,6,477
train,6,484
train,6,496
train,6,507
train,6,527
train,6,530
train,6,547
train,6,554
train,6,565
train,6,575
train,6,583
train,6,585
train,6,589
train,6,591
train,6,595
train,6,603
train,6,604
train,6,606
train,6,609
train,6,612
train,6,614
train,6,620
train,6,635
train,6,643
train,6,648
train,6,650
train,6,662
train,6,665
train,6,667
train,6,696
train,6,704
train,6,714
train,6,715
train,6,721
train,6,727
train,6,734
train,6,739
train,6,740
train,6,743
train,6,746
train,6,756
train,6,758
train,6,766
train,6,769
train,6,778
train,6,790
train,6,808
train,6,810
train,6,815
train,6,826
train,6,833
train,6,841
train,6,852
train,6,853
train,6,854
train,6,861
train,6,867
train,6,877
train,7,8
train,7,9
train,7,12
train,7,13
train,7,19
train,7,22
train,7,28
train,7,33
train,7,36
train,7,40
train,7,47
train,7,56
train,7,60
train,7,67
train,7,70
train,7,71
train,7,72
train,7,83
train,7,90
train,7,92
train,7,93
train,7,94
train,7,95
train,7,97
train,7,99
train,7,106
train,7,108
train,7,112
train,7,140
train,7,141
train,7,151
train,7,155
train,7,160
train,7,164
train,7,168
train,7,172
train,7,176
train,7,177
train,7,179
train,7,181
train,7,187
train,7,192
train,7,197
train,7,198
train,7,199
train,7,202
train,7,208
train,7,211
train,7,213
train,7,215
train,7,219
train,7,222
train,7,224
train,7,236
train,7,239
train,7,240
train,7,241
train,7,244
train,7,251
train,7,253
train,7,257
train,7,263
train,7,273
train,7,281
train,7,286
train,7,287
train,7,293
train,7,295
train,7,303
train,7,310
train,7,311
train,7,321
train,7,322
train,7,325
train,7,327
train,7,328
train,7,329
train,7,331
train,7,338
train,7,355
train,7,357
train,7,367
train,7,369
train,7,376
train,7,384
train,7,392
train,7,396
train,7,399
train,7,416
train,7,421
train,7,430
train,7,432
train,7,442
train,7,444
train,7,446
train,7,451
train,7,455
train,7,472
train,7,478
train,7,483
train,7,486
train,7,497
train,7,503
train,7,509
train,7,510
train,7,515
train,7,520
train,7,522
train,7,525
train,7,537
train,7,542
train,7,548
train,7,550
train,7,556
train,7,558
train,7,564
train,7,588
train,7,594
train,7,596
train,7,601
train,7,608
train,7,622
train,7,630
train,7,632
train,7,633
train,7,636
train,7,639
train,7,640
train,7,645
train,7,660
train,7,670
train,7,672
train,7,675
train,7,680
train,7,684
train,7,690
train,7,695
train,7,702
train,7,703
train,7,708
train,7,718
train,7,722
train,7,730
train,7,731
train,7,741
train,7,750
train,7,751
train,7,753
train,7,786
train,7,791
train,7,792
train,7,793
train,7,795
train,7,796
train,7,803
train,7,804
train,7,809
train,7,814
train,7,816
train,7,821
train,7,824
train,7,825
train,7,832
train,7,838
train,7,844
train,7,846
train,7,848
train,7,849
train,7,850
train,7,855
train,7,859
train,7,863
train,7,864
train,7,869
train,7,874
train,7,875
train,7,876
train,7,5
train,7,10
train,7,34
train,7,35
train,7,37
train,7,38
train,7,42
train,7,45
train,7,46
train,7,53
train,7,58
train,7,62
train,7,73
train,7,79
train,7,100
train,7,101
train,7,103
train,7,111
train,7,120
train,7,135
train,7,148
train,7,158
train,7,159
train,7,166
train,7,173
train,7,178
train,7,184
train,7,200
train,7,207
train,7,217
train,7,227
train,7,229
train,7,230
train,7,235
train,7,268
train,7,278
train,7,282
train,7,285
train,7,288
train,7,299
train,7,306
train,7,308
train,7,309
train,7,314
train,7,316
train,7,320
train,7,337
train,7,340
train,7,347
train,7,351
train,7,375
train,7,394
train,7,405
train,7,410
train,7,418
train,7,423
train,7,429
train,7,437
train,7,469
train,7,474
train,7,484
train,7,494
train,7,496
train,7,517
train,7,521
train,7,527
train,7,531
train,7,535
train,7,546
train,7,547
train,7,565
train,7,568
train,7,574
train,7,575
train,7,582
train,7,583
train,7,585
train,7,589
train,7,616
train,7,619
train,7,624
train,7,625
train,7,635
train,7,648
train,7,650
train,7,651
train,7,655
train,7,656
train,7,657
train,7,665
train,7,671
train,7,681
train,7,687
train,7,692
train,7,694
train,7,696
train,7,706
train,7,713
train,7,715
train,7,726
train,7,728
train,7,734
train,7,738
train,7,758
train,7,764
train,7,782
train,7,783
train,7,794
train,7,822
train,7,826
train,7,829
train,7,833
train,7,842
train,7,853
train,7,865
train,7,867
train,7,3
train,7,6
train,7,7
train,7,16
train,7,17
train,7,21
train,7,24
train,7,25
train,7,26
train,7,27
train,7,30
train,7,32
train,7,39
train,7,52
train,7,54
train,7,68
train,7,74
train,7,87
train,7,89
train,7,113
train,7,114
train,7,122
train,7,123
train,7,125
train,7,128
train,7,129
train,7,132
train,7,149
train,7,150
train,7,152
train,7,154
train,7,162
train,7,165
train,7,180
train,7,193
train,7,203
train,7,205
train,7,210
train,7,218
train,7,220
train,7,221
train,7,223
train,7,225
train,7,226
train,7,234
train,7,249
train,7,258
train,7,262
train,7,264
train,7,267
train,7,271
train,7,274
train,7,275
train,7,279
train,7,280
train,7,292
train,7,301
train,7,302
train,7,304
train,7,312
train,7,313
train,7,315
train,7,323
train,7,334
train,7,336
train,7,339
train,7,346
train,7,352
train,7,353
train,7,356
train,7,358
train,7,359
train,7,361
train,7,364
train,7,365
train,7,366
train,7,374
train,7,377
train,7,378
train,7,379
train,7,382
train,7,386
train,7,388
train,7,389
train,7,395
train,7,397
train,7,407
train,7,412
train,7,419
train,7,422
train,7,424
train,7,425
train,7,427
train,7,431
train,7,440
train,7,443
train,7,449
train,7,453
train,7,461
train,7,463
train,7,471
train,7,475
train,7,476
train,7,482
train,7,488
train,7,490
train,7,495
train,7,500
train,7,505
train,7,508
train,7,514
train,7,540
train,7,541
train,7,551
train,7,552
train,7,557
train,7,560
train,7,566
train,7,567
train,7,569
train,7,572
train,7,580
train,7,592
train,7,599
train,7,605
train,7,611
train,7,615
train,7,623
train,7,627
train,7,646
train,7,653
train,7,654
train,7,659
train,7,664
train,7,673
train,7,676
train,7,679
train,7,682
train,7,685
train,7,689
train,7,693
train,7,700
train,7,701
train,7,705
train,7,710
train,7,711
train,7,712
train,7,720
train,7,724
train,7,737
train,7,749
train,7,759
train,7,761
train,7,762
train,7,770
train,7,771
train,7,774
train,7,775
train,7,788
train,7,789
train,7,799
train,7,800
train,7,801
train,7,802
train,7,805
train,7,812
train,7,813
train,7,827
train,7,834
train,7,836
train,7,847
train,7,851
train,7,857
train,7,868
train,7,870
train,7,872
train,7,14
train,7,31
train,7,51
train,7,63
train,7,69
train,7,76
train,7,81
train,7,85
train,7,86
train,7,88
train,7,109
train,7,110
train,7,127
train,7,131
train,7,133
train,7,134
train,7,136
train,7,137
train,7,142
train,7,145
train,7,146
train,7,153
train,7,163
train,7,182
train,7,185
train,7,189
train,7,195
train,7,204
train,7,209
train,7,233
train,7,237
train,7,238
train,7,245
train,7,259
train,7,266
train,7,277
train,7,284
train,7,289
train,7,297
train,7,307
train,7,317
train,7,318
train,7,345
train,7,354
train,7,363
train,7,368
train,7,371
train,7,372
train,7,380
train,7,391
train,7,401
train,7,403
train,7,408
train,7,411
train,7,438
train,7,445
train,7,447
train,7,456
train,7,457
train,7,462
train,7,465
train,7,466
train,7,473
train,7,477
train,7,479
train,7,480
train,7,507
train,7,524
train,7,530
train,7,534
train,7,544
train,7,545
train,7,554
train,7,563
train,7,584
train,7,597
train,7,598
train,7,600
train,7,603
train,7,604
train,7,614
train,7,641
train,7,647
train,7,661
train,7,662
train,7,668
train,7,669
train,7,677
train,7,697
train,7,707
train,7,714
train,7,717
train,7,732
train,7,735
train,7,743
train,7,754
train,7,755
train,7,756
train,7,757
train,7,760
train,7,763
train,7,766
train,7,767
train,7,779
train,7,784
train,7,785
train,7,790
train,7,807
train,7,808
train,7,815
train,7,819
train,7,828
train,7,835
train,7,841
train,7,852
train,8,1
train,8,2
train,8,11
train,8,15
train,8,23
train,8,29
train,8,43
train,8,44
train,8,48
train,8,57
train,8,59
train,8,61
train,8,65
train,8,66
train,8,75
train,8,80
train,8,82
train,8,84
train,8,96
train,8,102
train,8,104
train,8,107
train,8,116
train,8,117
train,8,118
train,8,119
train,8,121
train,8,124
train,8,126
train,8,139
train,8,144
train,8,147
train,8,156
train,8,167
train,8,169
train,8,170
train,8,174
train,8,175
train,8,183
train,8,186
train,8,190
train,8,191
train,8,194
train,8,201
train,8,206
train,8,216
train,8,228
train,8,231
train,8,232
train,8,243
train,8,246
train,8,247
train,8,250
train,8,252
train,8,254
train,8,255
train,8,260
train,8,265
train,8,270
train,8,276
train,8,290
train,8,291
train,8,296
train,8,298
train,8,305
train,8,330
train,8,332
train,8,333
train,8,335
train,8,342
train,8,343
train,8,360
train,8,362
train,8,385
train,8,398
train,8,400
train,8,404
train,8,406
train,8,413
train,8,414
train,8,415
train,8,426
train,8,428
train,8,433
train,8,434
train,8,435
train,8,436
train,8,439
train,8,441
train,8,450
train,8,452
train,8,458
train,8,467
train,8,470
train,8,481
train,8,491
train,8,493
train,8,499
train,8,501
train,8,502
train,8,504
train,8,506
train,8,511
train,8,513
train,8,516
train,8,518
train,8,519
train,8,523
train,8,526
train,8,529
train,8,532
train,8,533
train,8,538
train,8,561
train,8,562
train,8,570
train,8,571
train,8,573
train,8,576
train,8,577
train,8,586
train,8,587
train,8,590
train,8,602
train,8,610
train,8,613
train,8,617
train,8,618
train,8,621
train,8,626
train,8,628
train,8,629
train,8,631
train,8,634
train,8,638
train,8,644
train,8,649
train,8,658
train,8,674
train,8,683
train,8,686
train,8,688
train,8,691
train,8,698
train,8,699
train,8,709
train,8,719
train,8,723
train,8,729
train,8,736
train,8,742
train,8,744
train,8,745
train,8,748
train,8,752
train,8,768
train,8,772
train,8,773
train,8,777
train,8,781
train,8,797
train,8,806
train,8,811
train,8,817
train,8,818
train,8,830
train,8,831
train,8,837
train,8,839
train,8,843
train,8,845
train,8,856
train,8,858
train,8,862
train,8,866
train,8,871
train,8,873
train,8,4
train,8,18
train,8,20
train,8,41
train,8,49
train,8,50
train,8,55
train,8,64
train,8,77
train,8,78
train,8,91
train,8,98
train,8,105
train,8,115
train,8,130
train,8,138
train,8,143
train,8,157
train,8,161
train,8,171
train,8,188
train,8,196
train,8,212
train,8,214
train,8,242
train,8,248
train,8,256
train,8,261
train,8,269
train,8,272
train,8,283
train,8,294
train,8,300
train,8,319
train,8,324
train,8,326
train,8,341
train,8,344
train,8,348
train,8,349
train,8,350
train,8,370
train,8,373
train,8,381
train,8,383
train,8,387
train,8,390
train,8,393
train,8,402
train,8,409
train,8,417
train,8,420
train,8,448
train,8,454
train,8,459
train,8,460
train,8,464
train,8,468
train,8,485
train,8,487
train,8,489
train,8,492
train,8,498
train,8,512
train,8,528
train,8,536
train,8,539
train,8,543
train,8,549
train,8,553
train,8,555
train,8,559
train,8,578
train,8,579
train,8,581
train,8,591
train,8,593
train,8,595
train,8,606
train,8,607
train,8,609
train,8,612
train,8,620
train,8,637
train,8,642
train,8,643
train,8,652
train,8,663
train,8,666
train,8,667
train,8,678
train,8,704
train,8,716
train,8,721
train,8,725
train,8,727
train,8,733
train,8,739
train,8,740
train,8,746
train,8,747
train,8,765
train,8,769
train,8,776
train,8,778
train,8,780
train,8,787
train,8,798
train,8,810
train,8,820
train,8,823
train,8,840
train,8,854
train,8,860
train,8,861
train,8,877
train,8,3
train,8,6
train,8,7
train,8,16
train,8,17
train,8,21
train,8,24
train,8,25
train,8,26
train,8,27
train,8,30
train,8,32
train,8,39
train,8,52
train,8,54
train,8,68
train,8,74
train,8,87
train,8,89
train,8,113
train,8,114
train,8,122
train,8,123
train,8,125
train,8,128
train,8,129
train,8,132
train,8,149
train,8,150
train,8,152
train,8,154
train,8,162
train,8,165
train,8,180
train,8,193
train,8,203
train,8,205
train,8,210
train,8,218
train,8,220
train,8,221
train,8,223
train,8,225
train,8,226
train,8,234
train,8,249
train,8,258
train,8,262
train,8,264
train,8,267
train,8,271
train,8,274
train,8,275
train,8,279
train,8,280
train,8,292
train,8,301
train,8,302
train,8,304
train,8,312
train,8,313
train,8,315
train,8,323
train,8,334
train,8,336
train,8,339
train,8,346
train,8,352
train,8,353
train,8,356
train,8,358
train,8,359
train,8,361
train,8,364
train,8,365
train,8,366
train,8,374
train,8,377
train,8,378
train,8,379
train,8,382
train,8,386
train,8,388
train,8,389
train,8,395
train,8,397
train,8,407
train,8,412
train,8,419
train,8,422
train,8,424
train,8,425
train,8,427
train,8,431
train,8,440
train,8,443
train,8,449
train,8,453
train,8,461
train,8,463
train,8,471
train,8,475
train,8,476
train,8,482
train,8,488
train,8,490
train,8,495
train,8,500
train,8,505
train,8,508
train,8,514
train,8,540
train,8,541
train,8,551
train,8,552
train,8,557
train,8,560
train,8,566
train,8,567
train,8,569
train,8,572
train,8,580
train,8,592
train,8,599
train,8,605
train,8,611
train,8,615
train,8,623
train,8,627
train,8,646
train,8,653
train,8,654
train,8,659
train,8,664
train,8,673
train,8,676
train,8,679
train,8,682
train,8,685
train,8,689
train,8,693
train,8,700
train,8,701
train,8,705
train,8,710
train,8,711
train,8,712
train,8,720
train,8,724
train,8,737
train,8,749
train,8,759
train,8,761
train,8,762
train,8,770
train,8,771
train,8,774
train,8,775
train,8,788
train,8,789
train,8,799
train,8,800
train,8,801
train,8,802
train,8,805
train,8,812
train,8,813
train,8,827
train,8,834
train,8,836
train,8,847
train,8,851
train,8,857
train,8,868
train,8,870
train,8,872
train,8,14
train,8,31
train,8,51
train,8,63
train,8,69
train,8,76
train,8,81
train,8,85
train,8,86
train,8,88
train,8,109
train,8,110
train,8,127
train,8,131
train,8,133
train,8,134
train,8,136
train,8,137
train,8,142
train,8,145
train,8,146
train,8,153
train,8,163
train,8,182
train,8,185
train,8,189
train,8,195
train,8,204
train,8,209
train,8,233
train,8,237
train,8,238
train,8,245
train,8,259
train,8,266
train,8,277
train,8,284
train,8,289
train,8,297
train,8,307
train,8,317
train,8,318
train,8,345
train,8,354
train,8,363
train,8,368
train,8,371
train,8,372
train,8,380
train,8,391
train,8,401
train,8,403
train,8,408
train,8,411
train,8,438
train,8,445
train,8,447
train,8,456
train,8,457
train,8,462
train,8,465
train,8,466
train,8,473
train,8,477
train,8,479
train,8,480
train,8,507
train,8,524
train,8,530
train,8,534
train,8,544
train,8,545
train,8,554
train,8,563
train,8,584
train,8,597
train,8,598
train,8,600
train,8,603
train,8,604
train,8,614
train,8,641
train,8,647
train,8,661
train,8,662
train,8,668
train,8,669
train,8,677
train,8,697
train,8,707
train,8,714
train,8,717
train,8,732
train,8,735
train,8,743
train,8,754
train,8,755
train,8,756
train,8,757
train,8,760
train,8,763
train,8,766
train,8,767
train,8,779
train,8,784
train,8,785
train,8,790
train,8,807
train,8,808
train,8,815
train,8,819
train,8,828
train,8,835
train,8,841
train,8,852
train,9,1
train,9,2
train,9,11
train,9,15
train,9,23
train,9,29
train,9,43
train,9,44
train,9,48
train,9,57
train,9,59
train,9,61
train,9,65
train,9,66
train,9,75
train,9,80
train,9,82
train,9,84
train,9,96
train,9,102
train,9,104
train,9,107
train,9,116
train,9,117
train,9,118
train,9,119
train,9,121
train,9,124
train,9,126
train,9,139
train,9,144
train,9,147
train,9,156
train,9,167
train,9,169
train,9,170
train,9,174
train,9,175
train,9,183
train,9,186
train,9,190
train,9,191
train,9,194
train,9,201
train,9,206
train,9,216
train,9,228
train,9,231
train,9,232
train,9,243
train,9,246
train,9,247
train,9,250
train,9,252
train,9,254
train,9,255
train,9,260
train,9,265
train,9,270
train,9,276
train,9,290
train,9,291
train,9,296
train,9,298
train,9,305
train,9,330
train,9,332
train,9,333
train,9,335
train,9,342
train,9,343
train,9,360
train,9,362
train,9,385
train,9,398
train,9,400
train,9,404
train,9,406
train,9,413
train,9,414
train,9,415
train,9,426
train,9,428
train,9,433
train,9,434
train,9,435
train,9,436
train,9,439
train,9,441
train,9,450
train,9,452
train,9,458
train,9,467
train,9,470
train,9,481
train,9,491
train,9,493
train,9,499
train,9,501
train,9,502
train,9,504
train,9,506
train,9,511
train,9,513
train,9,516
train,9,518
train,9,519
train,9,523
train,9,526
train,9,529
train,9,532
train,9,533
train,9,538
train,9,561
train,9,562
train,9,570
train,9,571
train,9,573
train,9,576
train,9,577
train,9,586
train,9,587
train,9,590
train,9,602
train,9,610
train,9,613
train,9,617
train,9,618
train,9,621
train,9,626
train,9,628
train,9,629
train,9,631
train,9,634
train,9,638
train,9,644
train,9,649
train,9,658
train,9,674
train,9,683
train,9,686
train,9,688
train,9,691
train,9,698
train,9,699
train,9,709
train,9,719
train,9,723
train,9,729
train,9,736
train,9,742
train,9,744
train,9,745
train,9,748
train,9,752
train,9,768
train,9,772
train,9,773
train,9,777
train,9,781
train,9,797
train,9,806
train,9,811
train,9,817
train,9,818
train,9,830
train,9,831
train,9,837
train,9,839
train,9,843
train,9,845
train,9,856
train,9,858
train,9,862
train,9,866
train,9,871
train,9,873
train,9,4
train,9,18
train,9,20
train,9,41
train,9,49
train,9,50
train,9,55
train,9,64
train,9,77
train,9,78
train,9,91
train,9,98
train,9,105
train,9,115
train,9,130
train,9,138
train,9,143
train,9,157
train,9,161
train,9,171
train,9,188
train,9,196
train,9,212
train,9,214
train,9,242
train,9,248
train,9,256
train,9,261
train,9,269
train,9,272
train,9,283
train,9,294
train,9,300
train,9,319
train,9,324
train,9,326
train,9,341
train,9,344
train,9,348
train,9,349
train,9,350
train,9,370
train,9,373
train,9,381
train,9,383
train,9,387
train,9,390
train,9,393
train,9,402
train,9,409
train,9,417
train,9,420
train,9,448
train,9,454
train,9,459
train,9,460
train,9,464
train,9,468
train,9,485
train,9,487
train,9,489
train,9,492
train,9,498
train,9,512
train,9,528
train,9,536
train,9,539
train,9,543
train,9,549
train,9,553
train,9,555
train,9,559
train,9,578
train,9,579
train,9,581
train,9,591
train,9,593
train,9,595
train,9,606
train,9,607
train,9,609
train,9,612
train,9,620
train,9,637
train,9,642
train,9,643
train,9,652
train,9,663
train,9,666
train,9,667
train,9,678
train,9,704
train,9,716
train,9,721
train,9,725
train,9,727
train,9,733
train,9,739
train,9,740
train,9,746
train,9,747
train,9,765
train,9,769
train,9,776
train,9,778
train,9,780
train,9,787
train,9,798
train,9,810
train,9,820
train,9,823
train,9,840
train,9,854
train,9,860
train,9,861
train,9,877
train,9,8
train,9,9
train,9,12
train,9,13
train,9,19
train,9,22
train,9,28
train,9,33
train,9,36
train,9,40
train,9,47
train,9,56
train,9,60
train,9,67
train,9,70
train,9,71
train,9,72
train,9,83
train,9,90
train,9,92
train,9,93
train,9,94
train,9,95
train,9,97
train,9,99
train,9,106
train,9,108
train,9,112
train,9,140
train,9,141
train,9,151
train,9,155
train,9,160
train,9,164
train,9,168
train,9,172
train,9,176
train,9,177
train,9,179
train,9,181
train,9,187
train,9,192
train,9,197
train,9,198
train,9,199
train,9,202
train,9,208
train,9,211
train,9,213
train,9,215
train,9,219
train,9,222
train,9,224
train,9,236
train,9,239
train,9,240
train,9,241
train,9,244
train,9,251
train,9,253
train,9,257
train,9,263
train,9,273
train,9,281
train,9,286
train,9,287
train,9,293
train,9,295
train,9,303
train,9,310
train,9,311
train,9,321
train,9,322
train,9,325
train,9,327
train,9,328
train,9,329
train,9,331
train,9,338
train,9,355
train,9,357
train,9,367
train,9,369
train,9,376
train,9,384
train,9,392
train,9,396
train,9,399
train,9,416
train,9,421
train,9,430
train,9,432
train,9,442
train,9,444
train,9,446
train,9,451
train,9,455
train,9,472
train,9,478
train,9,483
train,9,486
train,9,497
train,9,503
train,9,509
train,9,510
train,9,515
train,9,520
train,9,522
train,9,525
train,9,537
train,9,542
train,9,548
train,9,550
train,9,556
train,9,558
train,9,564
train,9,588
train,9,594
train,9,596
train,9,601
train,9,608
train,9,622
train,9,630
train,9,632
train,9,633
train,9,636
train,9,639
train,9,640
train,9,645
train,9,660
train,9,670
train,9,672
train,9,675
train,9,680
train,9,684
train,9,690
train,9,695
train,9,702
train,9,703
train,9,708
train,9,718
train,9,722
train,9,730
train,9,731
train,9,741
train,9,750
train,9,751
train,9,753
train,9,786
train,9,791
train,9,792
train,9,793
train,9,795
train,9,796
train,9,803
train,9,804
train,9,809
train,9,814
train,9,816
train,9,821
train,9,824
train,9,825
train,9,832
train,9,838
train,9,844
train,9,846
train,9,848
train,9,849
train,9,850
train,9,855
train,9,859
train,9,863
train,9,864
train,9,869
train,9,874
train,9,875
train,9,876
train,9,5
train,9,10
train,9,34
train,9,35
train,9,37
train,9,38
train,9,42
train,9,45
train,9,46
train,9,53
train,9,58
train,9,62
train,9,73
train,9,79
train,9,100
train,9,101
train,9,103
train,9,111
train,9,120
train,9,135
train,9,148
train,9,158
train,9,159
train,9,166
train,9,173
train,9,178
train,9,184
train,9,200
train,9,207
train,9,217
train,9,227
train,9,229
train,9,230
train,9,235
train,9,268
train,9,278
train,9,282
train,9,285
train,9,288
train,9,299
train,9,306
train,9,308
train,9,309
train,9,314
train,9,316
train,9,320
train,9,337
train,9,340
train,9,347
train,9,351
train,9,375
train,9,394
train,9,405
train,9,410
train,9,418
train,9,423
train,9,429
train,9,437
train,9,469
train,9,474
train,9,484
train,9,494
train,9,496
train,9,517
train,9,521
train,9,527
train,9,531
train,9,535
train,9,546
train,9,547
train,9,565
train,9,568
train,9,574
train,9,575
train,9,582
train,9,583
train,9,585
train,9,589
train,9,616
train,9,619
train,9,624
train,9,625
train,9,635
train,9,648
train,9,650
train,9,651
train,9,655
train,9,656
train,9,657
train,9,665
train,9,671
train,9,681
train,9,687
train,9,692
train,9,694
train,9,696
train,9,706
train,9,713
train,9,715
train,9,726
train,9,728
train,9,734
train,9,738
train,9,758
train,9,764
train,9,782
train,9,783
train,9,794
train,9,822
train,9,826
train,9,829
train,9,833
train,9,842
train,9,853
train,9,865
train,9,867
test,1,3
test,1,7
test,1,8
test,1,12
test,1,13
test,1,16
test,1,19
test,1,24
test,1,25
test,1,28
test,1,48
test,1,54
test,1,56
test,1,57
test,1,66
test,1,70
test,1,72
test,1,80
test,1,92
test,1,93
test,1,97
test,1,102
test,1,108
test,1,112
test,1,116
test,1,117
test,1,118
test,1,121
test,1,123
test,1,124
test,1,128
test,1,147
test,1,154
test,1,162
test,1,165
test,1,172
test,1,177
test,1,180
test,1,183
test,1,194
test,1,197
test,1,205
test,1,208
test,1,211
test,1,215
test,1,216
test,1,226
test,1,240
test,1,246
test,1,250
test,1,252
test,1,254
test,1,257
test,1,262
test,1,264
test,1,265
test,1,270
test,1,271
test,1,279
test,1,280
test,1,281
test,1,291
test,1,311
test,1,322
test,1,323
test,1,325
test,1,331
test,1,332
test,1,338
test,1,339
test,1,342
test,1,355
test,1,358
test,1,359
test,1,361
test,1,365
test,1,376
test,1,382
test,1,386
test,1,389
test,1,396
test,1,406
test,1,412
test,1,414
test,1,415
test,1,435
test,1,439
test,1,440
test,1,441
test,1,443
test,1,450
test,1,463
test,1,472
test,1,481
test,1,483
test,1,497
test,1,500
test,1,503
test,1,504
test,1,511
test,1,516
test,1,518
test,1,522
test,1,523
test,1,529
test,1,552
test,1,560
test,1,564
test,1,571
test,1,572
test,1,576
test,1,594
test,1,599
test,1,601
test,1,613
test,1,617
test,1,621
test,1,626
test,1,631
test,1,634
test,1,636
test,1,638
test,1,639
test,1,645
test,1,658
test,1,659
test,1,670
test,1,673
test,1,674
test,1,676
test,1,682
test,1,683
test,1,684
test,1,703
test,1,705
test,1,708
test,1,710
test,1,711
test,1,720
test,1,723
test,1,724
test,1,730
test,1,742
test,1,751
test,1,752
test,1,761
test,1,768
test,1,770
test,1,771
test,1,772
test,1,774
test,1,781
test,1,786
test,1,796
test,1,801
test,1,802
test,1,806
test,1,811
test,1,812
test,1,813
test,1,817
test,1,821
test,1,832
test,1,834
test,1,837
test,1,839
test,1,843
test,1,846
test,1,850
test,1,851
test,1,864
test,1,866
test,1,872
test,1,873
test,1,874
test,1,875
test,1,876
test,1,18
test,1,20
test,1,46
test,1,51
test,1,63
test,1,78
test,1,101
test,1,103
test,1,109
test,1,110
test,1,115
test,1,131
test,1,137
test,1,138
test,1,142
test,1,145
test,1,163
test,1,173
test,1,182
test,1,185
test,1,212
test,1,235
test,1,245
test,1,248
test,1,269
test,1,272
test,1,277
test,1,283
test,1,289
test,1,294
test,1,297
test,1,300
test,1,307
test,1,308
test,1,314
test,1,319
test,1,348
test,1,350
test,1,375
test,1,380
test,1,401
test,1,402
test,1,410
test,1,411
test,1,420
test,1,429
test,1,437
test,1,454
test,1,456
test,1,459
test,1,460
test,1,462
test,1,464
test,1,468
test,1,473
test,1,474
test,1,479
test,1,485
test,1,496
test,1,498
test,1,530
test,1,531
test,1,534
test,1,546
test,1,555
test,1,568
test,1,574
test,1,579
test,1,581
test,1,583
test,1,584
test,1,593
test,1,595
test,1,597
test,1,614
test,1,616
test,1,619
test,1,624
test,1,642
test,1,643
test,1,651
test,1,657
test,1,662
test,1,663
test,1,665
test,1,681
test,1,692
test,1,713
test,1,725
test,1,733
test,1,735
test,1,740
test,1,743
test,1,754
test,1,756
test,1,758
test,1,760
test,1,763
test,1,767
test,1,778
test,1,779
test,1,784
test,1,787
test,1,790
test,1,798
test,1,807
test,1,820
test,1,823
test,1,826
test,1,833
test,1,840
test,1,841
test,1,842
test,1,852
test,1,867
test,1,877
test,2,9
test,2,11
test,2,21
test,2,23
test,2,29
test,2,30
test,2,40
test,2,61
test,2,67
test,2,75
test,2,83
test,2,84
test,2,87
test,2,90
test,2,95
test,2,99
test,2,104
test,2,106
test,2,107
test,2,113
test,2,119
test,2,122
test,2,125
test,2,126
test,2,140
test,2,141
test,2,151
test,2,152
test,2,160
test,2,164
test,2,167
test,2,168
test,2,169
test,2,170
test,2,174
test,2,175
test,2,181
test,2,190
test,2,192
test,2,198
test,2,199
test,2,201
test,2,202
test,2,206
test,2,218
test,2,219
test,2,221
test,2,228
test,2,234
test,2,239
test,2,244
test,2,247
test,2,249
test,2,251
test,2,253
test,2,267
test,2,274
test,2,293
test,2,295
test,2,296
test,2,304
test,2,305
test,2,312
test,2,315
test,2,321
test,2,327
test,2,328
test,2,333
test,2,334
test,2,335
test,2,336
test,2,352
test,2,356
test,2,360
test,2,362
test,2,364
test,2,366
test,2,369
test,2,374
test,2,377
test,2,378
test,2,379
test,2,385
test,2,388
test,2,392
test,2,395
test,2,397
test,2,399
test,2,404
test,2,407
test,2,416
test,2,421
test,2,425
test,2,427
test,2,428
test,2,430
test,2,431
test,2,436
test,2,442
test,2,449
test,2,451
test,2,453
test,2,455
test,2,461
test,2,475
test,2,476
test,2,490
test,2,493
test,2,495
test,2,499
test,2,501
test,2,506
test,2,509
test,2,510
test,2,514
test,2,515
test,2,519
test,2,520
test,2,526
test,2,532
test,2,533
test,2,537
test,2,550
test,2,556
test,2,557
test,2,558
test,2,569
test,2,573
test,2,580
test,2,586
test,2,587
test,2,610
test,2,615
test,2,623
test,2,629
test,2,632
test,2,640
test,2,649
test,2,653
test,2,654
test,2,660
test,2,664
test,2,675
test,2,680
test,2,686
test,2,689
test,2,690
test,2,691
test,2,693
test,2,695
test,2,702
test,2,718
test,2,722
test,2,729
test,2,737
test,2,748
test,2,749
test,2,753
test,2,759
test,2,773
test,2,775
test,2,788
test,2,792
test,2,793
test,2,799
test,2,800
test,2,809
test,2,818
test,2,824
test,2,825
test,2,831
test,2,838
test,2,844
test,2,855
test,2,859
test,2,869
test,2,871
test,2,14
test,2,34
test,2,35
test,2,37
test,2,38
test,2,42
test,2,50
test,2,55
test,2,85
test,2,86
test,2,91
test,2,100
test,2,105
test,2,111
test,2,120
test,2,127
test,2,130
test,2,134
test,2,135
test,2,148
test,2,158
test,2,161
test,2,184
test,2,188
test,2,214
test,2,229
test,2,230
test,2,237
test,2,238
test,2,259
test,2,261
test,2,266
test,2,278
test,2,282
test,2,285
test,2,299
test,2,306
test,2,309
test,2,317
test,2,318
test,2,324
test,2,326
test,2,337
test,2,340
test,2,341
test,2,344
test,2,351
test,2,371
test,2,372
test,2,390
test,2,393
test,2,394
test,2,405
test,2,408
test,2,418
test,2,423
test,2,438
test,2,445
test,2,469
test,2,477
test,2,480
test,2,487
test,2,489
test,2,492
test,2,507
test,2,517
test,2,524
test,2,527
test,2,536
test,2,545
test,2,554
test,2,563
test,2,565
test,2,575
test,2,578
test,2,589
test,2,598
test,2,603
test,2,607
test,2,609
test,2,620
test,2,635
test,2,637
test,2,641
test,2,647
test,2,650
test,2,652
test,2,655
test,2,656
test,2,661
test,2,667
test,2,678
test,2,687
test,2,694
test,2,696
test,2,704
test,2,706
test,2,717
test,2,726
test,2,728
test,2,734
test,2,739
test,2,746
test,2,747
test,2,769
test,2,782
test,2,783
test,2,808
test,2,810
test,2,815
test,2,828
test,2,829
test,2,835
test,2,853
test,2,854
test,2,865
test,3,1
test,3,2
test,3,6
test,3,15
test,3,17
test,3,22
test,3,26
test,3,27
test,3,32
test,3,33
test,3,36
test,3,39
test,3,43
test,3,44
test,3,47
test,3,52
test,3,59
test,3,60
test,3,65
test,3,68
test,3,71
test,3,74
test,3,82
test,3,89
test,3,94
test,3,96
test,3,114
test,3,129
test,3,132
test,3,139
test,3,144
test,3,149
test,3,150
test,3,155
test,3,156
test,3,176
test,3,179
test,3,186
test,3,187
test,3,191
test,3,193
test,3,203
test,3,210
test,3,213
test,3,220
test,3,222
test,3,223
test,3,224
test,3,225
test,3,231
test,3,232
test,3,236
test,3,241
test,3,243
test,3,255
test,3,258
test,3,260
test,3,263
test,3,273
test,3,275
test,3,276
test,3,286
test,3,287
test,3,290
test,3,292
test,3,298
test,3,301
test,3,302
test,3,303
test,3,310
test,3,313
test,3,329
test,3,330
test,3,343
test,3,346
test,3,353
test,3,357
test,3,367
test,3,384
test,3,398
test,3,400
test,3,413
test,3,419
test,3,422
test,3,424
test,3,426
test,3,432
test,3,433
test,3,434
test,3,444
test,3,446
test,3,452
test,3,458
test,3,467
test,3,470
test,3,471
test,3,478
test,3,482
test,3,486
test,3,488
test,3,491
test,3,502
test,3,505
test,3,508
test,3,513
test,3,525
test,3,538
test,3,540
test,3,541
test,3,542
test,3,548
test,3,551
test,3,561
test,3,562
test,3,566
test,3,567
test,3,570
test,3,577
test,3,588
test,3,590
test,3,592
test,3,596
test,3,602
test,3,605
test,3,608
test,3,611
test,3,618
test,3,622
test,3,627
test,3,628
test,3,630
test,3,633
test,3,644
test,3,646
test,3,672
test,3,679
test,3,685
test,3,688
test,3,698
test,3,699
test,3,700
test,3,701
test,3,709
test,3,712
test,3,719
test,3,731
test,3,736
test,3,741
test,3,744
test,3,745
test,3,750
test,3,762
test,3,777
test,3,789
test,3,791
test,3,795
test,3,797
test,3,803
test,3,804
test,3,805
test,3,814
test,3,816
test,3,827
test,3,830
test,3,836
test,3,845
test,3,847
test,3,848
test,3,849
test,3,856
test,3,857
test,3,858
test,3,862
test,3,863
test,3,868
test,3,870
test,3,4
test,3,5
test,3,10
test,3,31
test,3,41
test,3,45
test,3,49
test,3,53
test,3,58
test,3,62
test,3,64
test,3,69
test,3,73
test,3,76
test,3,77
test,3,79
test,3,81
test,3,88
test,3,98
test,3,133
test,3,136
test,3,143
test,3,146
test,3,153
test,3,157
test,3,159
test,3,166
test,3,171
test,3,178
test,3,189
test,3,195
test,3,196
test,3,200
test,3,204
test,3,207
test,3,209
test,3,217
test,3,227
test,3,233
test,3,242
test,3,256
test,3,268
test,3,284
test,3,288
test,3,316
test,3,320
test,3,345
test,3,347
test,3,349
test,3,354
test,3,363
test,3,368
test,3,370
test,3,373
test,3,381
test,3,383
test,3,387
test,3,391
test,3,403
test,3,409
test,3,417
test,3,447
test,3,448
test,3,457
test,3,465
test,3,466
test,3,484
test,3,494
test,3,512
test,3,521
test,3,528
test,3,535
test,3,539
test,3,543
test,3,544
test,3,547
test,3,549
test,3,553
test,3,559
test,3,582
test,3,585
test,3,591
test,3,600
test,3,604
test,3,606
test,3,612
test,3,625
test,3,648
test,3,666
test,3,668
test,3,669
test,3,671
test,3,677
test,3,697
test,3,707
test,3,714
test,3,715
test,3,716
test,3,721
test,3,727
test,3,732
test,3,738
test,3,755
test,3,757
test,3,764
test,3,765
test,3,766
test,3,776
test,3,780
test,3,785
test,3,794
test,3,819
test,3,822
test,3,860
test,3,861
test,4,1
test,4,3
test,4,6
test,4,9
test,4,19
test,4,21
test,4,27
test,4,28
test,4,32
test,4,39
test,4,43
test,4,52
test,4,54
test,4,60
test,4,61
test,4,65
test,4,75
test,4,83
test,4,90
test,4,95
test,4,102
test,4,104
test,4,106
test,4,107
test,4,123
test,4,128
test,4,140
test,4,149
test,4,154
test,4,164
test,4,168
test,4,169
test,4,179
test,4,186
test,4,190
test,4,193
test,4,198
test,4,201
test,4,206
test,4,208
test,4,211
test,4,213
test,4,215
test,4,218
test,4,220
test,4,223
test,4,225
test,4,232
test,4,234
test,4,236
test,4,241
test,4,243
test,4,258
test,4,263
test,4,267
test,4,270
test,4,271
test,4,273
test,4,274
test,4,275
test,4,276
test,4,280
test,4,290
test,4,295
test,4,302
test,4,303
test,4,305
test,4,310
test,4,312
test,4,323
test,4,329
test,4,330
test,4,336
test,4,338
test,4,355
test,4,357
test,4,360
test,4,364
test,4,374
test,4,379
test,4,382
test,4,384
test,4,385
test,4,386
test,4,388
test,4,395
test,4,398
test,4,413
test,4,416
test,4,421
test,4,434
test,4,440
test,4,441
test,4,444
test,4,450
test,4,451
test,4,461
test,4,483
test,4,495
test,4,497
test,4,501
test,4,502
test,4,504
test,4,508
test,4,511
test,4,515
test,4,518
test,4,526
test,4,550
test,4,557
test,4,561
test,4,562
test,4,566
test,4,570
test,4,576
test,4,577
test,4,580
test,4,586
test,4,605
test,4,611
test,4,618
test,4,621
test,4,623
test,4,628
test,4,636
test,4,640
test,4,644
test,4,645
test,4,658
test,4,670
test,4,674
test,4,675
test,4,676
test,4,679
test,4,680
test,4,682
test,4,695
test,4,699
test,4,702
test,4,705
test,4,708
test,4,709
test,4,710
test,4,719
test,4,722
test,4,723
test,4,729
test,4,742
test,4,751
test,4,752
test,4,761
test,4,762
test,4,774
test,4,775
test,4,781
test,4,797
test,4,803
test,4,809
test,4,813
test,4,814
test,4,821
test,4,824
test,4,825
test,4,830
test,4,832
test,4,834
test,4,838
test,4,844
test,4,850
test,4,851
test,4,857
test,4,858
test,4,859
test,4,868
test,4,869
test,4,873
test,4,876
test,4,5
test,4,18
test,4,34
test,4,46
test,4,49
test,4,51
test,4,53
test,4,55
test,4,58
test,4,62
test,4,76
test,4,81
test,4,85
test,4,86
test,4,98
test,4,109
test,4,111
test,4,115
test,4,127
test,4,131
test,4,133
test,4,134
test,4,136
test,4,143
test,4,145
test,4,153
test,4,159
test,4,166
test,4,171
test,4,189
test,4,200
test,4,207
test,4,235
test,4,237
test,4,238
test,4,245
test,4,261
test,4,272
test,4,285
test,4,288
test,4,289
test,4,294
test,4,299
test,4,306
test,4,316
test,4,324
test,4,326
test,4,341
test,4,373
test,4,390
test,4,391
test,4,393
test,4,401
test,4,410
test,4,411
test,4,420
test,4,423
test,4,429
test,4,438
test,4,454
test,4,459
test,4,464
test,4,466
test,4,469
test,4,473
test,4,489
test,4,512
test,4,517
test,4,521
test,4,528
test,4,531
test,4,534
test,4,535
test,4,543
test,4,544
test,4,545
test,4,553
test,4,563
test,4,568
test,4,579
test,4,593
test,4,598
test,4,607
test,4,619
test,4,625
test,4,641
test,4,647
test,4,652
test,4,655
test,4,656
test,4,663
test,4,669
test,4,681
test,4,687
test,4,692
test,4,697
test,4,706
test,4,716
test,4,717
test,4,725
test,4,735
test,4,738
test,4,754
test,4,755
test,4,760
test,4,764
test,4,765
test,4,767
test,4,776
test,4,783
test,4,784
test,4,787
test,4,823
test,4,840
test,4,842
test,4,860
test,5,2
test,5,7
test,5,8
test,5,13
test,5,17
test,5,22
test,5,29
test,5,33
test,5,36
test,5,40
test,5,44
test,5,47
test,5,66
test,5,68
test,5,71
test,5,74
test,5,80
test,5,92
test,5,99
test,5,112
test,5,114
test,5,116
test,5,117
test,5,118
test,5,121
test,5,122
test,5,126
test,5,132
test,5,141
test,5,150
test,5,151
test,5,152
test,5,155
test,5,156
test,5,160
test,5,162
test,5,176
test,5,177
test,5,180
test,5,183
test,5,187
test,5,197
test,5,202
test,5,203
test,5,205
test,5,221
test,5,222
test,5,226
test,5,231
test,5,240
test,5,246
test,5,247
test,5,251
test,5,253
test,5,257
test,5,262
test,5,279
test,5,287
test,5,291
test,5,293
test,5,298
test,5,301
test,5,304
test,5,311
test,5,315
test,5,321
test,5,322
test,5,325
test,5,327
test,5,332
test,5,334
test,5,339
test,5,342
test,5,343
test,5,346
test,5,358
test,5,361
test,5,365
test,5,369
test,5,376
test,5,377
test,5,378
test,5,397
test,5,399
test,5,400
test,5,404
test,5,414
test,5,415
test,5,422
test,5,425
test,5,426
test,5,430
test,5,433
test,5,435
test,5,439
test,5,442
test,5,443
test,5,446
test,5,449
test,5,453
test,5,455
test,5,458
test,5,463
test,5,467
test,5,470
test,5,475
test,5,476
test,5,481
test,5,500
test,5,506
test,5,520
test,5,522
test,5,525
test,5,529
test,5,532
test,5,538
test,5,541
test,5,552
test,5,556
test,5,560
test,5,564
test,5,569
test,5,573
test,5,594
test,5,596
test,5,599
test,5,608
test,5,610
test,5,615
test,5,622
test,5,627
test,5,630
test,5,632
test,5,634
test,5,639
test,5,649
test,5,654
test,5,659
test,5,672
test,5,673
test,5,686
test,5,690
test,5,693
test,5,698
test,5,700
test,5,712
test,5,724
test,5,730
test,5,737
test,5,748
test,5,750
test,5,753
test,5,770
test,5,771
test,5,772
test,5,786
test,5,788
test,5,789
test,5,800
test,5,801
test,5,802
test,5,806
test,5,811
test,5,812
test,5,816
test,5,818
test,5,827
test,5,831
test,5,837
test,5,845
test,5,849
test,5,856
test,5,870
test,5,871
test,5,872
test,5,874
test,5,875
test,5,10
test,5,14
test,5,20
test,5,35
test,5,37
test,5,50
test,5,64
test,5,69
test,5,73
test,5,78
test,5,103
test,5,105
test,5,120
test,5,130
test,5,138
test,5,146
test,5,148
test,5,157
test,5,163
test,5,173
test,5,178
test,5,184
test,5,185
test,5,196
test,5,217
test,5,227
test,5,229
test,5,248
test,5,259
test,5,268
test,5,269
test,5,277
test,5,278
test,5,282
test,5,283
test,5,284
test,5,307
test,5,319
test,5,320
test,5,337
test,5,340
test,5,344
test,5,345
test,5,347
test,5,349
test,5,351
test,5,363
test,5,368
test,5,371
test,5,403
test,5,405
test,5,408
test,5,409
test,5,418
test,5,445
test,5,448
test,5,456
test,5,465
test,5,477
test,5,484
test,5,496
test,5,507
test,5,527
test,5,530
test,5,547
test,5,554
test,5,565
test,5,575
test,5,583
test,5,585
test,5,589
test,5,591
test,5,595
test,5,603
test,5,604
test,5,606
test,5,609
test,5,612
test,5,614
test,5,620
test,5,635
test,5,643
test,5,648
test,5,650
test,5,662
test,5,665
test,5,667
test,5,696
test,5,704
test,5,714
test,5,715
test,5,721
test,5,727
test,5,734
test,5,739
test,5,740
test,5,743
test,5,746
test,5,756
test,5,758
test,5,766
test,5,769
test,5,778
test,5,790
test,5,808
test,5,810
test,5,815
test,5,826
test,5,833
test,5,841
test,5,852
test,5,853
test,5,854
test,5,861
test,5,867
test,5,877
test,6,11
test,6,12
test,6,15
test,6,16
test,6,23
test,6,24
test,6,25
test,6,26
test,6,30
test,6,48
test,6,56
test,6,57
test,6,59
test,6,67
test,6,70
test,6,72
test,6,82
test,6,84
test,6,87
test,6,89
test,6,93
test,6,94
test,6,96
test,6,97
test,6,108
test,6,113
test,6,119
test,6,124
test,6,125
test,6,129
test,6,139
test,6,144
test,6,147
test,6,165
test,6,167
test,6,170
test,6,172
test,6,174
test,6,175
test,6,181
test,6,191
test,6,192
test,6,194
test,6,199
test,6,210
test,6,216
test,6,219
test,6,224
test,6,228
test,6,239
test,6,244
test,6,249
test,6,250
test,6,252
test,6,254
test,6,255
test,6,260
test,6,264
test,6,265
test,6,281
test,6,286
test,6,292
test,6,296
test,6,313
test,6,328
test,6,331
test,6,333
test,6,335
test,6,352
test,6,353
test,6,356
test,6,359
test,6,362
test,6,366
test,6,367
test,6,389
test,6,392
test,6,396
test,6,406
test,6,407
test,6,412
test,6,419
test,6,424
test,6,427
test,6,428
test,6,431
test,6,432
test,6,436
test,6,452
test,6,471
test,6,472
test,6,478
test,6,482
test,6,486
test,6,488
test,6,490
test,6,491
test,6,493
test,6,499
test,6,503
test,6,505
test,6,509
test,6,510
test,6,513
test,6,514
test,6,516
test,6,519
test,6,523
test,6,533
test,6,537
test,6,540
test,6,542
test,6,548
test,6,551
test,6,558
test,6,567
test,6,571
test,6,572
test,6,587
test,6,588
test,6,590
test,6,592
test,6,601
test,6,602
test,6,613
test,6,617
test,6,626
test,6,629
test,6,631
test,6,633
test,6,638
test,6,646
test,6,653
test,6,660
test,6,664
test,6,683
test,6,684
test,6,685
test,6,688
test,6,689
test,6,691
test,6,701
test,6,703
test,6,711
test,6,718
test,6,720
test,6,731
test,6,736
test,6,741
test,6,744
test,6,745
test,6,749
test,6,759
test,6,768
test,6,773
test,6,777
test,6,791
test,6,792
test,6,793
test,6,795
test,6,796
test,6,799
test,6,804
test,6,805
test,6,817
test,6,836
test,6,839
test,6,843
test,6,846
test,6,847
test,6,848
test,6,855
test,6,862
test,6,863
test,6,864
test,6,866
test,6,4
test,6,31
test,6,38
test,6,41
test,6,42
test,6,45
test,6,63
test,6,77
test,6,79
test,6,88
test,6,91
test,6,100
test,6,101
test,6,110
test,6,135
test,6,137
test,6,142
test,6,158
test,6,161
test,6,182
test,6,188
test,6,195
test,6,204
test,6,209
test,6,212
test,6,214
test,6,230
test,6,233
test,6,242
test,6,256
test,6,266
test,6,297
test,6,300
test,6,308
test,6,309
test,6,314
test,6,317
test,6,318
test,6,348
test,6,350
test,6,354
test,6,370
test,6,372
test,6,375
test,6,380
test,6,381
test,6,383
test,6,387
test,6,394
test,6,402
test,6,417
test,6,437
test,6,447
test,6,457
test,6,460
test,6,462
test,6,468
test,6,474
test,6,479
test,6,480
test,6,485
test,6,487
test,6,492
test,6,494
test,6,498
test,6,524
test,6,536
test,6,539
test,6,546
test,6,549
test,6,555
test,6,559
test,6,574
test,6,578
test,6,581
test,6,582
test,6,584
test,6,597
test,6,600
test,6,616
test,6,624
test,6,637
test,6,642
test,6,651
test,6,657
test,6,661
test,6,666
test,6,668
test,6,671
test,6,677
test,6,678
test,6,694
test,6,707
test,6,713
test,6,726
test,6,728
test,6,732
test,6,733
test,6,747
test,6,757
test,6,763
test,6,779
test,6,780
test,6,782
test,6,785
test,6,794
test,6,798
test,6,807
test,6,819
test,6,820
test,6,822
test,6,828
test,6,829
test,6,835
test,6,865
test,7,1
test,7,2
test,7,11
test,7,15
test,7,23
test,7,29
test,7,43
test,7,44
test,7,48
test,7,57
test,7,59
test,7,61
test,7,65
test,7,66
test,7,75
test,7,80
test,7,82
test,7,84
test,7,96
test,7,102
test,7,104
test,7,107
test,7,116
test,7,117
test,7,118
test,7,119
test,7,121
test,7,124
test,7,126
test,7,139
test,7,144
test,7,147
test,7,156
test,7,167
test,7,169
test,7,170
test,7,174
test,7,175
test,7,183
test,7,186
test,7,190
test,7,191
test,7,194
test,7,201
test,7,206
test,7,216
test,7,228
test,7,231
test,7,232
test,7,243
test,7,246
test,7,247
test,7,250
test,7,252
test,7,254
test,7,255
test,7,260
test,7,265
test,7,270
test,7,276
test,7,290
test,7,291
test,7,296
test,7,298
test,7,305
test,7,330
test,7,332
test,7,333
test,7,335
test,7,342
test,7,343
test,7,360
test,7,362
test,7,385
test,7,398
test,7,400
test,7,404
test,7,406
test,7,413
test,7,414
test,7,415
test,7,426
test,7,428
test,7,433
test,7,434
test,7,435
test,7,436
test,7,439
test,7,441
test,7,450
test,7,452
test,7,458
test,7,467
test,7,470
test,7,481
test,7,491
test,7,493
test,7,499
test,7,501
test,7,502
test,7,504
test,7,506
test,7,511
test,7,513
test,7,516
test,7,518
test,7,519
test,7,523
test,7,526
test,7,529
test,7,532
test,7,533
test,7,538
test,7,561
test,7,562
test,7,570
test,7,571
test,7,573
test,7,576
test,7,577
test,7,586
test,7,587
test,7,590
test,7,602
test,7,610
test,7,613
test,7,617
test,7,618
test,7,621
test,7,626
test,7,628
test,7,629
test,7,631
test,7,634
test,7,638
test,7,644
test,7,649
test,7,658
test,7,674
test,7,683
test,7,686
test,7,688
test,7,691
test,7,698
test,7,699
test,7,709
test,7,719
test,7,723
test,7,729
test,7,736
test,7,742
test,7,744
test,7,745
test,7,748
test,7,752
test,7,768
test,7,772
test,7,773
test,7,777
test,7,781
test,7,797
test,7,806
test,7,811
test,7,817
test,7,818
test,7,830
test,7,831
test,7,837
test,7,839
test,7,843
test,7,845
test,7,856
test,7,858
test,7,862
test,7,866
test,7,871
test,7,873
test,7,4
test,7,18
test,7,20
test,7,41
test,7,49
test,7,50
test,7,55
test,7,64
test,7,77
test,7,78
test,7,91
test,7,98
test,7,105
test,7,115
test,7,130
test,7,138
test,7,143
test,7,157
test,7,161
test,7,171
test,7,188
test,7,196
test,7,212
test,7,214
test,7,242
test,7,248
test,7,256
test,7,261
test,7,269
test,7,272
test,7,283
test,7,294
test,7,300
test,7,319
test,7,324
test,7,326
test,7,341
test,7,344
test,7,348
test,7,349
test,7,350
test,7,370
test,7,373
test,7,381
test,7,383
test,7,387
test,7,390
test,7,393
test,7,402
test,7,409
test,7,417
test,7,420
test,7,448
test,7,454
test,7,459
test,7,460
test,7,464
test,7,468
test,7,485
test,7,487
test,7,489
test,7,492
test,7,498
test,7,512
test,7,528
test,7,536
test,7,539
test,7,543
test,7,549
test,7,553
test,7,555
test,7,559
test,7,578
test,7,579
test,7,581
test,7,591
test,7,593
test,7,595
test,7,606
test,7,607
test,7,609
test,7,612
test,7,620
test,7,637
test,7,642
test,7,643
test,7,652
test,7,663
test,7,666
test,7,667
test,7,678
test,7,704
test,7,716
test,7,721
test,7,725
test,7,727
test,7,733
test,7,739
test,7,740
test,7,746
test,7,747
test,7,765
test,7,769
test,7,776
test,7,778
test,7,780
test,7,787
test,7,798
test,7,810
test,7,820
test,7,823
test,7,840
test,7,854
test,7,860
test,7,861
test,7,877
test,8,8
test,8,9
test,8,12
test,8,13
test,8,19
test,8,22
test,8,28
test,8,33
test,8,36
test,8,40
test,8,47
test,8,56
test,8,60
test,8,67
test,8,70
test,8,71
test,8,72
test,8,83
test,8,90
test,8,92
test,8,93
test,8,94
test,8,95
test,8,97
test,8,99
test,8,106
test,8,108
test,8,112
test,8,140
test,8,141
test,8,151
test,8,155
test,8,160
test,8,164
test,8,168
test,8,172
test,8,176
test,8,177
test,8,179
test,8,181
test,8,187
test,8,192
test,8,197
test,8,198
test,8,199
test,8,202
test,8,208
test,8,211
test,8,213
test,8,215
test,8,219
test,8,222
test,8,224
test,8,236
test,8,239
test,8,240
test,8,241
test,8,244
test,8,251
test,8,253
test,8,257
test,8,263
test,8,273
test,8,281
test,8,286
test,8,287
test,8,293
test,8,295
test,8,303
test,8,310
test,8,311
test,8,321
test,8,322
test,8,325
test,8,327
test,8,328
test,8,329
test,8,331
test,8,338
test,8,355
test,8,357
test,8,367
test,8,369
test,8,376
test,8,384
test,8,392
test,8,396
test,8,399
test,8,416
test,8,421
test,8,430
test,8,432
test,8,442
test,8,444
test,8,446
test,8,451
test,8,455
test,8,472
test,8,478
test,8,483
test,8,486
test,8,497
test,8,503
test,8,509
test,8,510
test,8,515
test,8,520
test,8,522
test,8,525
test,8,537
test,8,542
test,8,548
test,8,550
test,8,556
test,8,558
test,8,564
test,8,588
test,8,594
test,8,596
test,8,601
test,8,608
test,8,622
test,8,630
test,8,632
test,8,633
test,8,636
test,8,639
test,8,640
test,8,645
test,8,660
test,8,670
test,8,672
test,8,675
test,8,680
test,8,684
test,8,690
test,8,695
test,8,702
test,8,703
test,8,708
test,8,718
test,8,722
test,8,730
test,8,731
test,8,741
test,8,750
test,8,751
test,8,753
test,8,786
test,8,791
test,8,792
test,8,793
test,8,795
test,8,796
test,8,803
test,8,804
test,8,809
test,8,814
test,8,816
test,8,821
test,8,824
test,8,825
test,8,832
test,8,838
test,8,844
test,8,846
test,8,848
test,8,849
test,8,850
test,8,855
test,8,859
test,8,863
test,8,864
test,8,869
test,8,874
test,8,875
test,8,876
test,8,5
test,8,10
test,8,34
test,8,35
test,8,37
test,8,38
test,8,42
test,8,45
test,8,46
test,8,53
test,8,58
test,8,62
test,8,73
test,8,79
test,8,100
test,8,101
test,8,103
test,8,111
test,8,120
test,8,135
test,8,148
test,8,158
test,8,159
test,8,166
test,8,173
test,8,178
test,8,184
test,8,200
test,8,207
test,8,217
test,8,227
test,8,229
test,8,230
test,8,235
test,8,268
test,8,278
test,8,282
test,8,285
test,8,288
test,8,299
test,8,306
test,8,308
test,8,309
test,8,314
test,8,316
test,8,320
test,8,337
test,8,340
test,8,347
test,8,351
test,8,375
test,8,394
test,8,405
test,8,410
test,8,418
test,8,423
test,8,429
test,8,437
test,8,469
test,8,474
test,8,484
test,8,494
test,8,496
test,8,517
test,8,521
test,8,527
test,8,531
test,8,535
test,8,546
test,8,547
test,8,565
test,8,568
test,8,574
test,8,575
test,8,582
test,8,583
test,8,585
test,8,589
test,8,616
test,8,619
test,8,624
test,8,625
test,8,635
test,8,648
test,8,650
test,8,651
test,8,655
test,8,656
test,8,657
test,8,665
test,8,671
test,8,681
test,8,687
test,8,692
test,8,694
test,8,696
test,8,706
test,8,713
test,8,715
test,8,726
test,8,728
test,8,734
test,8,738
test,8,758
test,8,764
test,8,782
test,8,783
test,8,794
test,8,822
test,8,826
test,8,829
test,8,833
test,8,842
test,8,853
test,8,865
test,8,867
test,9,3
test,9,6
test,9,7
test,9,16
test,9,17
test,9,21
test,9,24
test,9,25
test,9,26
test,9,27
test,9,30
test,9,32
test,9,39
test,9,52
test,9,54
test,9,68
test,9,74
test,9,87
test,9,89
test,9,113
test,9,114
test,9,122
test,9,123
test,9,125
test,9,128
test,9,129
test,9,132
test,9,149
test,9,150
test,9,152
test,9,154
test,9,162
test,9,165
test,9,180
test,9,193
test,9,203
test,9,205
test,9,210
test,9,218
test,9,220
test,9,221
test,9,223
test,9,225
test,9,226
test,9,234
test,9,249
test,9,258
test,9,262
test,9,264
test,9,267
test,9,271
test,9,274
test,9,275
test,9,279
test,9,280
test,9,292
test,9,301
test,9,302
test,9,304
test,9,312
test,9,313
test,9,315
test,9,323
test,9,334
test,9,336
test,9,339
test,9,346
test,9,352
test,9,353
test,9,356
test,9,358
test,9,359
test,9,361
test,9,364
test,9,365
test,9,366
test,9,374
test,9,377
test,9,378
test,9,379
test,9,382
test,9,386
test,9,388
test,9,389
test,9,395
test,9,397
test,9,407
test,9,412
test,9,419
test,9,422
test,9,424
test,9,425
test,9,427
test,9,431
test,9,440
test,9,443
test,9,449
test,9,453
test,9,461
test,9,463
test,9,471
test,9,475
test,9,476
test,9,482
test,9,488
test,9,490
test,9,495
test,9,500
test,9,505
test,9,508
test,9,514
test,9,540
test,9,541
test,9,551
test,9,552
test,9,557
test,9,560
test,9,566
test,9,567
test,9,569
test,9,572
test,9,580
test,9,592
test,9,599
test,9,605
test,9,611
test,9,615
test,9,623
test,9,627
test,9,646
test,9,653
test,9,654
test,9,659
test,9,664
test,9,673
test,9,676
test,9,679
test,9,682
test,9,685
test,9,689
test,9,693
test,9,700
test,9,701
test,9,705
test,9,710
test,9,711
test,9,712
test,9,720
test,9,724
test,9,737
test,9,749
test,9,759
test,9,761
test,9,762
test,9,770
test,9,771
test,9,774
test,9,775
test,9,788
test,9,789
test,9,799
test,9,800
test,9,801
test,9,802
test,9,805
test,9,812
test,9,813
test,9,827
test,9,834
test,9,836
test,9,847
test,9,851
test,9,857
test,9,868
test,9,870
test,9,872
test,9,14
test,9,31
test,9,51
test,9,63
test,9,69
test,9,76
test,9,81
test,9,85
test,9,86
test,9,88
test,9,109
test,9,110
test,9,127
test,9,131
test,9,133
test,9,134
test,9,136
test,9,137
test,9,142
test,9,145
test,9,146
test,9,153
test,9,163
test,9,182
test,9,185
test,9,189
test,9,195
test,9,204
test,9,209
test,9,233
test,9,237
test,9,238
test,9,245
test,9,259
test,9,266
test,9,277
test,9,284
test,9,289
test,9,297
test,9,307
test,9,317
test,9,318
test,9,345
test,9,354
test,9,363
test,9,368
test,9,371
test,9,372
test,9,380
test,9,391
test,9,401
test,9,403
test,9,408
test,9,411
test,9,438
test,9,445
test,9,447
test,9,456
test,9,457
test,9,462
test,9,465
test,9,466
test,9,473
test,9,477
test,9,479
test,9,480
test,9,507
test,9,524
test,9,530
test,9,534
test,9,544
test,9,545
test,9,554
test,9,563
test,9,584
test,9,597
test,9,598
test,9,600
test,9,603
test,9,604
test,9,614
test,9,641
test,9,647
test,9,661
test,9,662
test,9,668
test,9,669
test,9,677
test,9,697
test,9,707
test,9,714
test,9,717
test,9,732
test,9,735
test,9,743
test,9,754
test,9,755
test,9,756
test,9,757
test,9,760
test,9,763
test,9,766
test,9,767
test,9,779
test,9,784
test,9,785
test,9,790
test,9,807
test,9,808
test,9,815
test,9,819
test,9,828
test,9,835
test,9,841
test,9,852
